SMILES,Tox
NC1=NN2C=C(F)C=NC2=C1C(=O)NC1=C(C=CN=C1)N1CCN(CC1)C1COC1,0.114394561
NC1=NN2C=C(F)C=NC2=C1C(=O)NC1=C(N2CCN(CC2)C2COC2)C(F)=CN=C1,0.095438158
NC1=NN2C=C(Cl)C=NC2=C1C(=O)NC1=C(C=CN=C1)N1CCN(CC1)C1COC1,0.101497536
NC1=NN2C=C(F)C=NC2=C1C(=O)NC1=C(N2CCNCC2)C(F)=CN=C1,0.123183529
CN1CCN(CC1)S(=O)(=O)C1CCN(CC1)C1=C(NC(=O)C2=C3N=CC(F)=CN3N=C2N)C=NC=C1F,0.080103668
NC1=NN2C=C(F)C=NC2=C1C(=O)NC1=C(N2CCN3[C@H](CCC3=O)C2)C(F)=CN=C1,0.161841257
CC(=O)N1CCN(CC1)C1=C(NC(=O)C2=C3N=CC(F)=CN3N=C2N)C=NC=C1F,0.193988666
CN1CCN(CC1)C(=O)C1=CC=C(C=C1)C1=C(NC(=O)C2=C3N=CC(F)=CN3N=C2N)C=NC=C1,0.138090058
CC1=C(C=CN=N1)C1=C(NC(=O)C2=C3N=CC(F)=CN3N=C2N)C=NC=C1,0.210486852
CN1CCN(CC1)C(=O)C1=CC=C(C=C1)C1=C(NC(=O)C2=C3N=CC(F)=CN3N=C2N)C=NC=C1F,0.102480752
CN1C=NC=C1C1=C(NC(=O)C2=C3N=CC(F)=CN3N=C2N)C=NC=C1F,0.341883692
CN1CCN(CC1)C(=O)C1CCN(CC1)C1=C(NC(=O)C2=C3N=CC(F)=CN3N=C2N)C=NC=C1F,0.09247992
NC1=NN2C=C(F)C=NC2=C1C(=O)NC1=C(N2CCC(CC2)C(=O)N2CCN3CCC2CC3)C(F)=CN=C1,0.067264092
NC1=NN2C=C(F)C=NC2=C1C(=O)NC1=C(N2CCC(CC2)C(=O)N2CCNCC2)C(F)=CN=C1,0.093536169
COC1CN(C1)C(=O)C1CCN(CC1)C1=C(NC(=O)C2=C3N=CC(F)=CN3N=C2N)C=NC=C1F,0.125745912
NC1=NN2C=C(F)C=NC2=C1C(=O)NC1=C(N2CCC(CC2)C(=O)N2CCN(CC2)C2COC2)C(F)=CN=C1,0.092134933
NC1CCN(CC1)C1=C(NC(=O)C2=C3N=CC(CC#N)=CN3N=C2N)C=NC=C1,0.118785289
CN1CCN(CC1)C1=C(NC(=O)C2=C3N=CC(F)=CN3N=C2N)C=NC=C1,0.145232555
CC(C)N1CCN(CC1)C1=C(NC(=O)C2=C3N=CC(F)=CN3N=C2N)C=NC=C1,0.093464723
CN1CCN(CC1)C1=C(NC(=O)C2=C3N=CC(F)=CN3N=C2N)C=NC=C1C1CC1,0.084834136
NC1=NN2C=C(F)C=NC2=C1C(=O)NC1=C(C=CN=C1)N1C=CN=C1,0.332746689
CNCCC1=CN(N=C1)C1=C(NC(=O)C2=C3N=CC(F)=CN3N=C2N)C=NC=C1,0.170441973
CN(C)CCC1=CN(N=C1)C1=C(NC(=O)C2=C3N=CC(F)=CN3N=C2N)C=NC=C1,0.172616109
NC1=NN2C=C(F)C=NC2=C1C(=O)NC1=C(C=CN=C1)N1CCN(CC1)[C@@H]1CCOC1,0.104307646
NC1=NN2C=C(F)C=NC2=C1C(=O)NC1=C(C=CN=C1)N1CCN(CC1)C1CCOCC1,0.095955239
NC1=NN2C=C(F)C=NC2=C1C(=O)NC1=C(C=CN=C1)N1CCN(CC1)[C@H]1CCOC1,0.101712565
CN1CCN(CC1)C1=C(NC(=O)C2=C3N=CC(Cl)=CN3N=C2N)C=NC=C1F,0.115515583
CN1CCN(CC1)C1=C(NC(=O)C2=C3N=CC(F)=CN3N=C2N)C=NC=C1F,0.135163548
CC1=CN=CC(NC(=O)C2=C3N=CC(F)=CN3N=C2N)=C1N1CCN(CC1)C1COC1,0.100003863
CCN1CCN(CC1)C1=C(NC(=O)C2=C3N=CC(F)=CN3N=C2N)C=NC=C1,0.127092138
NC1=NN2C=C(F)C=NC2=C1C(=O)NC1=C(C=CN=C1)N1CCN2CCC1CC2,0.074684894
NC1=NN2C=C(F)C=NC2=C1C(=O)NC1=C(C=CN=C1)N1CCN(CC1)C1CCOC1,0.096874004
NC1=NN2C=C(F)C=NC2=C1C(=O)NC1=C(C=CN=C1)N1CCN(CC(F)(F)F)CC1,0.140138636
NC1=NN2C=C(F)C=NC2=C1C(=O)NC1=C(C=CN=C1)N1CCN2CCC[C@H]2C1,0.085804576
COCCN1CCN(CC1)C1=C(NC(=O)C2=C3N=CC(F)=CN3N=C2N)C=NC=C1,0.121183549
C[C@@H]1CN(CCN1C1=C(NC(=O)C2=C3N=CC(F)=CN3N=C2N)C=NC=C1)C1COC1,0.090165672
C[C@H]1CN(CCN1C1=C(NC(=O)C2=C3N=CC(F)=CN3N=C2N)C=NC=C1)C1COC1,0.095554809
C[C@@H]1CN(CCN1C1=C(NC(=O)C2=C3N=CC(Cl)=CN3N=C2N)C=NC=C1)C1(C)COC1,0.093851262
NC1=NN2C=C(F)C=NC2=C1C(=O)NC1=C(C=CN=C1)N1C=CC=N1,0.632891998
NC1=NN2C=C(F)C=NC2=C1C(=O)NC1=C(C=CN=C1)N1C=NC(=C1)C(F)(F)F,0.233509496
CC1=NC=CN1C1=C(NC(=O)C2=C3N=CC(F)=CN3N=C2N)C=NC=C1,0.246279032
NC1=NN2C=C(Cl)C=NC2=C1C(=O)NC1=C(C=CN=C1)N1C=CN=C1,0.296790925
CC1=NC(=CN1C1=C(NC(=O)C2=C3N=CC(F)=CN3N=C2N)C=NC=C1)C(F)(F)F,0.201455526
NC1=NN2C=C(F)C=NC2=C1C(=O)NC1=C(C=CN=C1)N1CCN(C2CC12)C1COC1,0.058063628
NC1=NN2C=C(F)C=NC2=C1C(=O)NC1=C(N2CCN(CC2)C2COC2)C(=CN=C1)C1CC1,0.082596947
NC1=NN2C=C(F)C=NC2=C1C(=O)NC1=C(C=CN=C1)N1CCN(CC1)C1CC1,0.113921977
CC(C)(C)N1CCN(CC1)C1=C(NC(=O)C2=C3N=CC(Cl)=CN3N=C2N)C=NC=C1,0.088004337
CN(C)[C@H]1CCN(C[C@@H]1O)C1=C(NC(=O)C2=C3N=CC(Cl)=CN3N=C2N)C=NC=C1,0.083571717
CN(C)CC1(O)CCN(CC1)C1=C(NC(=O)C2=C3N=CC(Cl)=CN3N=C2N)C=NC=C1,0.07324906
CN(C)C1CCN(CC1)C1=C(NC(=O)C2=C3N=CC(Cl)=CN3N=C2N)C=NC=C1,0.109767015
NC1=NN2C=C(F)C=NC2=C1C(=O)NC1=C(N2CCN3CCN(CC3C2)C2COC2)C(Cl)=CN=C1,0.086989582
CC(C)N1CCN(CC1)C1=C(NC(=O)C2=C3N=CC(Cl)=CN3N=C2N)C=NC=C1,0.098354974
CN(C)C1CCCN(C1)C1=C(NC(=O)C2=C3N=CC(Cl)=CN3N=C2N)C=NC=C1,0.1325758
CN1CCN(CC1)C1=C(NC(=O)C2=C3N=CC(Cl)=CN3N=C2N)C=NC=C1Cl,0.120507267
NC1=NN2C=C(Cl)C=NC2=C1C(=O)NC1=C(C=CN=C1)N1C2CCC1CC(O)C2,0.115525738
CN1CCCN(CC1)C1=C(NC(=O)C2=C3N=CC(Cl)=CN3N=C2N)C=NC=C1,0.1149886
NC1=NN2C=C(Cl)C=NC2=C1C(=O)NC1=C(C=CN=C1)N1CCN2C=CN=C2C1,0.267240162
CN(C)CN1CCN(CC1)C1=C(NC(=O)C2=C3N=CC(Cl)=CN3N=C2N)C=NC=C1,0.098327003
COC1(CN(C)C)CCN(CC1)C1=C(NC(=O)C2=C3N=CC(Cl)=CN3N=C2N)C=NC=C1,0.087781621
COCC1CN(CCN1C)C1=C(NC(=O)C2=C3N=CC(Cl)=CN3N=C2N)C=NC=C1,0.108457371
NC1=NN2C=C(Cl)C=NC2=C1C(=O)NC1=C(C=CN=C1)N1CCN(CC1)C1CCC1,0.089094587
CN(C)CCN1CCN(CC1)C1=C(NC(=O)C2=C3N=CC(Cl)=CN3N=C2N)C=NC=C1,0.100795847
CN1CCN(CC1)C1=C(NC(=O)C2=C3N=CC(Cl)=CN3N=C2N)C=NC(N)=C1,0.07986567
CCN1CCN(CC1)C1=C(NC(=O)C2=C3N=CC(Cl)=CN3N=C2N)C=NC=C1,0.124292886
CN1CCN(CC1)C1=C(NC(=O)C2=C3N=CC(Cl)=CN3N=C2N)C=NC(Cl)=C1,0.122755599
CN1CCN(CC1(C)C)C1=C(NC(=O)C2=C3N=CC(Cl)=CN3N=C2N)C=NC=C1,0.113893805
CC1CN(CCN1C)C1=C(NC(=O)C2=C3N=CC(Cl)=CN3N=C2N)C=NC=C1,0.111114868
NC1CCCN(C1)C1=C(NC(=O)C2=C3N=CC(Cl)=CN3N=C2N)C=NC=C1,0.115354319
NC1=NN2C=C(Cl)C=NC2=C1C(=O)NC1=C(C=CN=C1)N1CCN2CCC1CC2,0.054205367
CN1CCN(CC1)C1=C(NC(=O)C2=C3N=CC(Cl)=CN3N=C2N)C=NC=C1C,0.103782407
CN1CCN(CC1)C1=C(NC(=O)C2=C3N=CC(Cl)=CN3N=C2N)C=NC=C1,0.15251783
COCCN1CCN(CC1)C1=C(NC(=O)C2=C3N=CC(Cl)=CN3N=C2N)C=NC=C1,0.108213214
CN1CCN2CCN(CC2C1)C1=C(NC(=O)C2=C3N=CC(Cl)=CN3N=C2N)C=NC=C1,0.084381814
CC1(COC1)N1CCN(CC1)C1=C(NC(=O)C2=C3N=CC(F)=CN3N=C2N)C=NC=C1,0.087401075
CN1CCN(CC1CO)C1=C(NC(=O)C2=C3N=CC(Cl)=CN3N=C2N)C=NC=C1,0.082195345
NC1=NN2C=C(Cl)C=NC2=C1C(=O)NC1=C(C=CN=C1)N1CCN(CC1)C1CC1,0.091498137
NC1=NN2C=C(Cl)C=NC2=C1C(=O)NC1=C(C=CN=C1)N1CCN2CCC[C@@H]2C1,0.056381795
CC1(O)CCN(CC1)C1=C(NC(=O)C2=C3N=CC(Cl)=CN3N=C2N)C=NC=C1,0.15048248
NC1=NN2C=C(Cl)C=NC2=C1C(=O)NC1=C(C=CN=C1)N1CCN(CC(F)(F)F)CC1,0.122902061
NC1=NN2C=C(Cl)C=NC2=C1C(=O)NC1=C(C=CN=C1)N1CCS(=O)CC1,0.341303208
CC(C)(O)C1CCN(CC1)C1=C(NC(=O)C2=C3N=CC(Cl)=CN3N=C2N)C=NC=C1,0.115919999
NC1=NN2C=C(Cl)C=NC2=C1C(=O)NC1=C(C=CN=C1)N1CCNC(C1)C(F)(F)F,0.10406368
NC1=NN2C=C(Cl)C=NC2=C1C(=O)NC1=C(C=CN=C1)N1CCN2CCC[C@H]2C1,0.074448281
CC1CN(C)CCN1C1=C(NC(=O)C2=C3N=CC(Cl)=CN3N=C2N)C=NC=C1,0.11976387
COC1CCN(CC1)C1=C(NC(=O)C2=C3N=CC(Cl)=CN3N=C2N)C=NC=C1,0.155764882
COC(=O)C1CCN(CC1)C1=C(NC(=O)C2=C3N=CC(Cl)=CN3N=C2N)C=NC=C1,0.255640786
NC1=NN2C=C(Cl)C=NC2=C1C(=O)NC1=C(C=CN=C1)N1CCN2C=NC=C2C1,0.265563242
CN1CCN(CC1)C1=C(NC(=O)C2=C3N=CC(=CN3N=C2N)C(C)(C)C#N)C=NC=C1,0.093531003
NC1=NN2C=C(CC#N)C=NC2=C1C(=O)NC1=C(C=CN=C1)N1CCCC1,0.415588628
CC(C#N)C1=CN2N=C(N)C(C(=O)NC3=C(C=CN=C3)N3CCN(C)CC3)=C2N=C1,0.101433644
NC1=NN2C=C(CC#N)C=NC2=C1C(=O)NC1=C(C=CN=C1)N1CCCCCC1,0.310317077
CN1CCN(CC1)C1=C(NC(=O)C2=C3N=CC(CC#N)=CN3N=C2N)C=NC=C1F,0.119508532
NC1=NN2C=C(CC#N)C=NC2=C1C(=O)NC1=C(C=CN=C1)N1CCOCC1,0.272011831
CN1CCN(CC1)C1=C(NC(=O)C2=C3N=CC(CC#N)=CN3N=C2N)C=NC=C1,0.146539165
NC1=NN2C=C(CC#N)C=NC2=C1C(=O)NC1=C(C=CN=C1)N1CCC(O)CC1,0.161569822
NC1=NN2C=C(CC#N)C=NC2=C1C(=O)NC1=C(C=CN=C1)N1CCCCC1,0.311880471
CN1CCN(CC1)C1=C(NC(=O)C2=C3N=CC(F)=CN3N=C2N)C=NC=C1Cl,0.122293243
NC1CCN(CC1)C1=C(NC(=O)C2=C3N=CC(Cl)=CN3N=C2N)C=NC=C1,0.100353459
CNC1CCN(CC1)C1=C(NC(=O)C2=C3N=CC(Cl)=CN3N=C2N)C=NC=C1,0.080251088
NC1=NN2C=C(Cl)C=NC2=C1C(=O)NC1=C(C=CN=C1)N1CCNCC1,0.138831907
NC1=NN2C=C(CC#N)C=NC2=C1C(=O)NC1=C(C=CN=C1)N1CCNCC1,0.128147786
NCC1CN(CCO1)C1=C(NC(=O)C2=C3N=CC(CC#N)=CN3N=C2N)C=NC=C1,0.087956766
NCC1CCN(CC1)C1=C(NC(=O)C2=C3N=CC(Cl)=CN3N=C2N)C=NC=C1,0.103681512
NC1=NN2C=C(F)C=NC2=C1C(=O)NC1=C(C=CN=C1)N1CCC(CC1)C(O)=O,0.111764803
NC1=NN2C=C(Cl)C=NC2=C1C(=O)NC1=C(C=CN=C1)N1CCC(CC1)N1CCC1,0.102134572
CN(C)C1CN(C1)C1CCN(CC1)C1=C(NC(=O)C2=C3N=CC(Cl)=CN3N=C2N)C=NC=C1,0.068665829
COC1CCN(C1)C1CCN(CC1)C1=C(NC(=O)C2=C3N=CC(Cl)=CN3N=C2N)C=NC=C1,0.079148822
CN1CCN(CC1)C1CCN(CC1)C1=C(NC(=O)C2=C3N=CC(Cl)=CN3N=C2N)C=NC=C1,0.087785797
NC1=NN2C=C(Cl)C=NC2=C1C(=O)NC1=C(C=CN=C1)N1CCC(CC1)N1CC[C@@H](F)C1,0.09722557
NC1=NN2C=C(Cl)C=NC2=C1C(=O)NC1=C(C=CN=C1)N1CCC(CC1)N1CCC2(COC2)C1,0.061593288
NC1=NN2C=C(Cl)C=NC2=C1C(=O)NC1=C(C=CN=C1)N1CCC(CC1)N1CCS(=O)CC1,0.093032247
NC1=NN2C=C(Cl)C=NC2=C1C(=O)NC1=C(C=CN=C1)N1CCC(CC1)N1CCN2C=NC=C2C1,0.102106125
NC1=NN2C=C(Cl)C=NC2=C1C(=O)NC1=C(C=CN=C1)N1CCC(CC1)N1CCN2C=CN=C2C1,0.097605148
NC1=NN2C=C(Cl)C=NC2=C1C(=O)NC1=C(C=CN=C1)N1CCC(CC1)N1CC[C@H](F)C1,0.102780029
NC1=NN2C=C(Cl)C=NC2=C1C(=O)NC1=C(C=CN=C1)N1CCC(CC1)N1CCOCC1,0.092484551
NC1=NN2C=C(Cl)C=NC2=C1C(=O)NC1=C(C=CN=C1)N1CCC(CC1)N1CCCC1,0.109697664
CN(C)C1CCN(C1)C1CCN(CC1)C1=C(NC(=O)C2=C3N=CC(Cl)=CN3N=C2N)C=NC=C1,0.070757288
COC1CN(C1)C1CCN(CC1)C1=C(NC(=O)C2=C3N=CC(Cl)=CN3N=C2N)C=NC=C1,0.080971067
NC1=NN2C=C(Cl)C=NC2=C1C(=O)NC1=C(C=CN=C1)N1CCC(CC1)N1CC(F)(F)C1,0.109677613
NC1=NN2C=C(Cl)C=NC2=C1C(=O)NC1=C(C=CN=C1)N1CCC(CC1)N1CCC11COC1,0.067137085
CN1CCN(CC1)C1=C(NC(=O)C2=C3N=CC(F)=CN3N=C2N)C=NC=C1C(F)F,0.111423149
CN1CCN(CC1)C1=C(NC(=O)C2=C3N=CC(F)=CN3N=C2N)C=NC=C1C#N,0.131140635
NC1=NN2C=C(F)C=NC2=C1C(=O)NC1=C(C=CN=C1)N1CCN2CCOCC2C1,0.114410822
NC1=NN2C=C(F)C=NC2=C1C(=O)NC1=C(C=CN=C1)N1CCN2CCOC[C@H]2C1,0.115289967
NC1=NN2C=C(Cl)C=NC2=C1C(=O)NC1=C(N2CCN(CC2)C2COC2)C(F)=CN=C1,0.080516205
NC1=NN2C=C(F)C=NC2=C1C(=O)NC1=C(N2CCN(CC2)[C@@H]2CCOC2)C(=CN=C1)C1CC1,0.071303582
NC1=NN2C=C(F)C=NC2=C1C(=O)NC1=C(N2CCN(CC2)[C@H]2CCOC2)C(=CN=C1)C1CC1,0.077446695
NC1=NN2C=C(F)C=NC2=C1C(=O)NC1=C(N2CCN(CC2)C2CCOCC2)C(F)=CN=C1,0.080984206
NC1=NN2C=C(F)C=NC2=C1C(=O)NC1=C(N2CCN(CC2)C2CCOC2)C(F)=CN=C1,0.094969481
CC1=CN=CC(NC(=O)C2=C3N=CC(F)=CN3N=C2N)=C1N1CCN(CC1)C1CCOCC1,0.086679975
NC1=NN2C=C(F)C=NC2=C1C(=O)NC1=C(N2CCN(CC2)C2CCOC2)C(Cl)=CN=C1,0.090463073
NC1=NN2C=C(F)C=NC2=C1C(=O)NC1=C(N2CCN(CC2)[C@H]2CCOC2)C(F)=CN=C1,0.098385486
NC1=NN2C=C(F)C=NC2=C1C(=O)NC1=C(N2CCNCC2)C(Cl)=CN=C1,0.122298372
COCCN1CCN(CC1)C1=C(NC(=O)C2=C3N=CC(F)=CN3N=C2N)C=NC=C1F,0.111285707
CN1CCC(CC1)C(=O)N1CCN(CC1)C1=C(NC(=O)C2=C3N=CC(F)=CN3N=C2N)C=NC=C1F,0.096925085
CNC1=CC(N2CCN(C)CC2)=C(NC(=O)C2=C3N=CC(F)=CN3N=C2N)C=N1,0.08854574
NC1=NN2C=C(F)C=NC2=C1C(=O)NC1=C(N2CCN(CC2)C(=O)C2CN3CCC2CC3)C(F)=CN=C1,0.077965157
CN1CC[C@H](C1)OC1CCN(CC1)C1=C(NC(=O)C2=C3N=CC(F)=CN3N=C2N)C=NC=C1,0.08678331
CN1CC[C@H](C1)OC1CCN(CC1)C1=C(NC(=O)C2=C3N=CC(F)=CN3N=C2N)C=NC=C1F,0.081338267
CN1CCN(CC11CCOCC1)C1=C(NC(=O)C2=C3N=CC(F)=CN3N=C2N)C=NC=C1,0.085606751
NC1=NN2C=C(F)C=NC2=C1C(=O)NC1=C(N2CCN(CC2)C(=O)C23CCN(CC2)CC3)C(F)=CN=C1,0.061699143
NC1=NN2C=C(F)C=NC2=C1C(=O)NC1=C(N2CCN3CCOC[C@H]3C2)C(F)=CN=C1,0.097185477
NC1=NN2C=C(F)C=NC2=C1C(=O)NC1=C(C=CN=C1)N1CCN2C(COCC2=O)C1,0.184083974
NC1=NN2C=C(F)C=NC2=C1C(=O)NC1=C(N2CCN3CCOC[C@@H]3C2)C(F)=CN=C1,0.089622337
CN1CCN(CC1)C1=C(NC(=O)C2=C3N=CC(=CN3N=C2N)C(C)(C)C#N)C=NC=C1F,0.077316082
CC(C)(O)CN1CCN(CC1)C1=C(NC(=O)C2=C3N=CC(F)=CN3N=C2N)C=NC=C1F,0.102753661
CN1CCN(CC1)C(=O)N1CCN(CC1)C1=C(NC(=O)C2=C3N=CC(F)=CN3N=C2N)C=NC=C1F,0.087348933
NC1=NN2C=C(F)C=NC2=C1C(=O)NC1=C(C=CN=C1)N1CCOCC1,0.265230713
CC(C)(C#N)C1=CN2N=C(N)C(C(=O)NC3=C(C=CN=C3)N3CCN(CC3)C3COC3)=C2N=C1,0.083020278
CC(C#N)C1=CN2N=C(N)C(C(=O)NC3=C(C=CN=C3)N3CCN(CC3)C3COC3)=C2N=C1,0.082782101
CC(C)(C#N)C1=CN2N=C(N)C(C(=O)NC3=C(N4CCN(CC4)C4COC4)C(F)=CN=C3)=C2N=C1,0.068725736
CC(C#N)C1=CN2N=C(N)C(C(=O)NC3=C(N4CCC(CC4)C4COC4)C(F)=CN=C3)=C2N=C1,0.121029149
CN(C)S(=O)(=O)C1CCN(CC1)C1=C(NC(=O)C2=C3N=CC(F)=CN3N=C2N)C=NC=C1F,0.151069373
NC1=NN2C=C(F)C=NC2=C1C(=O)NC1=C(N2CCC(CC2)N2CCCC2=O)C(F)=CN=C1,0.108540908
CN(C1CCN(C)CC1)S(=O)(=O)C1CCN(CC1)C1=C(NC(=O)C2=C3N=CC(F)=CN3N=C2N)C=NC=C1F,0.068364114
NC1=NN2C=C(F)C=NC2=C1C(=O)NC1=C(N2CCC(CN3CCOCC3)CC2)C(F)=CN=C1,0.076828736
CN1CCN(CC2CCN(CC2)C2=C(NC(=O)C3=C4N=CC(F)=CN4N=C3N)C=NC=C2F)CC1,0.078588145
CN1CCN(C2CCN(CC2)C2=C(NC(=O)C3=C4N=CC(F)=CN4N=C3N)C=NC=C2F)C(=O)C1,0.102948107
NC1=NN2C=C(F)C=NC2=C1C(=O)NC1=C(C=CN=C1)N1CCCCC1,0.471624538
CN1CCC(CC1)OC1CCN(CC1)C1=C(NC(=O)C2=C3N=CC(F)=CN3N=C2N)C=NC=C1,0.085168614
NC1=NN2C=C(F)C=NC2=C1C(=O)NC1=C(N2CCC(CC2)S(=O)(=O)N2CCOCC2)C(F)=CN=C1,0.102272676
CN1CCC(C1)C(=O)N1CCN(CC1)C1=C(NC(=O)C2=C3N=CC(F)=CN3N=C2N)C=NC=C1F,0.09483285
CN1CCC[C@H]1C(=O)N1CCN(CC1)C1=C(NC(=O)C2=C3N=CC(F)=CN3N=C2N)C=NC=C1F,0.074322464
NC1=NN2C=C(F)C=NC2=C1C(=O)NC1=C(N2CCN(CC2)S(=O)(=O)C2CCOCC2)C(F)=CN=C1,0.143078129
NC1=NN2C=C(F)C=NC2=C1C(=O)NC1=C(N2CCN(CC2)S(=O)(=O)C2CC2)C(F)=CN=C1,0.145315517
NC1=NN2C=C(F)C=NC2=C1C(=O)NC1=C(N2CCN(CC2)C(=O)CN2CCC2)C(F)=CN=C1,0.094618354
CC1=NN(C=N1)C1=C(NC(=O)C2=C3N=CC(F)=CN3N=C2N)C=NC=C1,0.34311626
CC1=NC=NN1C1=C(NC(=O)C2=C3N=CC(F)=CN3N=C2N)C=NC=C1,0.281089075
NC1=NN2C=C(F)C=NC2=C1C(=O)NC1=C(N2CCN3C(CCC3=O)C2)C(F)=CN=C1,0.202741644
CN1CC(C1)OC1CCN(CC1)C1=C(NC(=O)C2=C3N=CC(F)=CN3N=C2N)C=NC=C1,0.100162508
CS(=O)(=O)C1CCN(CC1)C1=C(NC(=O)C2=C3N=CC(F)=CN3N=C2N)C=NC=C1F,0.216146729
NC1=NN2C=C(F)C=NC2=C1C(=O)NC1=C(N2CCC(CC2)OCCN2CCCC2)C(F)=CN=C1,0.08627748
NC1=NN2C=C(F)C=NC2=C1C(=O)NC1=C(N2CCN(CC2)C(=O)C2CNC2)C(F)=CN=C1,0.097683238
NC1=NN2C=C(F)C=NC2=C1C(=O)NC1=C(N2CCC(CC2)S(=O)(=O)N2CCC2)C(F)=CN=C1,0.147151426
NC1=NN2C=C(F)C=NC2=C1C(=O)NC1=C(C=CN=C1)N1CCC(CC1)S(=O)(=O)N1CCOCC1,0.115790763
CN1CCN(CC2CCN(CC2)C2=C(NC(=O)C3=C4N=CC(F)=CN4N=C3N)C=NC=C2F)CC1=O,0.101983075
NC1=NN2C=C(F)C=NC2=C1C(=O)NC1=C(N2CCN(CC2)C(=O)C2CNCCO2)C(F)=CN=C1,0.083837109
CN1CCCCC1C(=O)N1CCN(CC1)C1=C(NC(=O)C2=C3N=CC(F)=CN3N=C2N)C=NC=C1F,0.076046579
CN1CCOC(C1)C(=O)N1CCN(CC1)C1=C(NC(=O)C2=C3N=CC(F)=CN3N=C2N)C=NC=C1F,0.105019529
CN1CCC(CC1)S(=O)(=O)N1CCN(CC1)C1=C(NC(=O)C2=C3N=CC(F)=CN3N=C2N)C=NC=C1F,0.087018761
NC1=NN2C=C(F)C=NC2=C1C(=O)NC1=C(C=CN=C1)N1CCN(CC1)S(=O)(=O)C1CC1,0.168238273
NC1=NN2C=C(F)C=NC2=C1C(=O)NC1=C(C=CN=C1)N1CCN(CC1)S(=O)(=O)C1CCOCC1,0.183383533
CS(=O)(=O)N1CCN(CC1)C1=C(NC(=O)C2=C3N=CC(F)=CN3N=C2N)C=NC=C1,0.223362839
NC1=NN2C=C(F)C=NC2=C1C(=O)NC1=C(C=CN=C1)N1CCN(CC1)S(=O)(=O)C1CCOC1,0.156416309
NC1=NN2C=C(C=NC2=C1C(=O)NC1=C(N2CCN(CC2)C2COC2)C(F)=CN=C1)C1(CC1)C#N,0.082289402
CN1CCC[C@@H]1C(=O)N1CCN(CC1)C1=C(NC(=O)C2=C3N=CC(F)=CN3N=C2N)C=NC=C1F,0.074618291
CN1CCOC2(CCN(CC2)C2=C(NC(=O)C3=C4N=CC(F)=CN4N=C3N)C=NC=C2)C1,0.092328228
NC1=NN2C=C(F)C=NC2=C1C(=O)NC1=C(N2CCC(CC2)C2=NC=CS2)C(F)=CN=C1,0.148515409
CCN1CCCC1C(=O)N1CCN(CC1)C1=C(NC(=O)C2=C3N=CC(F)=CN3N=C2N)C=NC=C1F,0.081884548
NC1=NN2C=C(F)C=NC2=C1C(=O)NC1=C(N2CCN(CC2)C(=O)CN2CCCC2)C(F)=CN=C1,0.081729068
CN1CCC(CC1)S(=O)(=O)N1CCN(CC1)C1=C(NC(=O)C2=C3N=CC(F)=CN3N=C2N)C=NC=C1,0.108355564
NC1=NN2C=C(F)C=NC2=C1C(=O)NC1=C(N2CCC(CC2)N2CCOCC2)C(F)=CN=C1,0.089122023
CS(=O)(=O)C1CCN(CC1)C1=C(NC(=O)C2=C3N=CC(F)=CN3N=C2N)C=NC=C1,0.21835325
CN1CCN(CC1)C(=O)C1CCN(C1)C1=C(NC(=O)C2=C3N=CC(F)=CN3N=C2N)C=NC=C1F,0.102545855
CN1CCN(CC2CCN(CC2)C2=C(NC(=O)C3=C4N=CC(=CN4N=C3N)C3(CC3)C#N)C=NC=C2F)CC1,0.071055879
CN1CCN(CC2CCN(CC2)C2=C(NC(=O)C3=C4N=CC(F)=CN4N=C3N)C=NC=C2F)C(=O)C1,0.094679301
CN1CC(C1)C(=O)N1CCN(CC1)C1=C(NC(=O)C2=C3N=CC(F)=CN3N=C2N)C=NC=C1F,0.090116236
NC1=NN2C=C(F)C=NC2=C1C(=O)NC1=C(C=CN=C1)N1CCN(CC1)S(=O)(=O)C1COC1,0.134623529
NC1=NN2C=C(F)C=NC2=C1C(=O)NC1=C(C=CN=C1)N1CCN(CC1)S(=O)(=O)N1CCN2CCC1CC2,0.080939558
NC1=NN2C=C(F)C=NC2=C1C(=O)NC1=C(C=CN=C1)N1CCC(CN2CCC(F)(F)C2)CC1,0.114745981
CN1CCC[C@H]1C(=O)N1CCN(CC1)C1=C(NC(=O)C2=C3N=CC(F)=CN3N=C2N)C=NC=C1,0.072819617
CN1CCC[C@@H]1C(=O)N1CCN(CC1)C1=C(NC(=O)C2=C3N=CC(F)=CN3N=C2N)C=NC=C1,0.084171157
NC1=NN2C=C(F)C=NC2=C1C(=O)NC1=C(C=CN=C1)N1CCC(CC1)S(=O)(=O)N1CCC1,0.147229498
NC1=NN2C=C(F)C=NC2=C1C(=O)NC1=C(N2CCN(CC2)S(=O)(=O)C2COC2)C(F)=CN=C1,0.120807365
NC1=NN2C=C(F)C=NC2=C1C(=O)NC1=C(C=CN=C1)N1C=CN=C1C1CC1,0.230938601
NC1=NN2C=C(F)C=NC2=C1C(=O)NC1=C(N2CCN(CC2)C(=O)C2CC3CCCCN3C2)C(F)=CN=C1,0.069517748
CCN1CCCCC1C(=O)N1CCN(CC1)C1=C(NC(=O)C2=C3N=CC(F)=CN3N=C2N)C=NC=C1F,0.079416234
CC(C)N1CCCC1C(=O)N1CCN(CC1)C1=C(NC(=O)C2=C3N=CC(F)=CN3N=C2N)C=NC=C1F,0.077016893
CC(C)N1CCC(C1)C(=O)N1CCN(CC1)C1=C(NC(=O)C2=C3N=CC(F)=CN3N=C2N)C=NC=C1F,0.07679421
CCN1CCC(C1)C(=O)N1CCN(CC1)C1=C(NC(=O)C2=C3N=CC(F)=CN3N=C2N)C=NC=C1F,0.099734673
COCCS(=O)(=O)C1CCN(CC1)C1=C(NC(=O)C2=C3N=CC(F)=CN3N=C2N)C=NC=C1,0.132690707
CN1CCN(CC1=O)C1=C(NC(=O)C2=C3N=CC(F)=CN3N=C2N)C=NC=C1,0.264707791
NC1=NN2C=C(F)C=NC2=C1C(=O)NC1=C(C=CN=C1)N1CCS(=O)(=O)CC1,0.207468572
NC1=NN2C=C(F)C=NC2=C1C(=O)NC1=C(N2CCN(CC2)C(=O)C2CCN(CC2)C2COC2)C(F)=CN=C1,0.077434323
CN1CCN(CC1=O)C1=C(NC(=O)C2=C3N=CC(F)=CN3N=C2N)C=NC=C1F,0.296659221
NC1=NN2C=C(F)C=NC2=C1C(=O)NC1=C(N2CCC(CN3CCCC3=O)CC2)C(F)=CN=C1,0.135266543
CS(=O)(=O)CC1CCN(CC1)C1=C(NC(=O)C2=C3N=CC(F)=CN3N=C2N)C=NC=C1,0.226863195
CN1CC2(CCN(CC2)C2=C(NC(=O)C3=C4N=CC(F)=CN4N=C3N)C=NC=C2)OC1=O,0.134631134
NC1=NN2C=C(F)C=NC2=C1C(=O)NC1=C(C=CN=C1)N1CCN2[C@@H](CCC2=O)C1,0.204855984
CC1=NN(C(C)=N1)C1=C(NC(=O)C2=C3N=CC(F)=CN3N=C2N)C=NC=C1,0.310243605
NC1=NN2C=C(F)C=NC2=C1C(=O)NC1=C(C=CN=C1)N1C=CN=C1C(F)(F)F,0.315470772
CC1(C)CCCN1C1=C(NC(=O)C2=C3N=CC(F)=CN3N=C2N)C=NC=C1,0.426323683
CS(=O)(=O)C1CCCN(C1)C1=C(NC(=O)C2=C3N=CC(F)=CN3N=C2N)C=NC=C1,0.256556196
NC1=NN2C=C(F)C=NC2=C1C(=O)NC1=C(C=CN=C1)N1CC2CCCN2C(=O)C1,0.241569526
CC1=CC=NN1C1=C(NC(=O)C2=C3N=CC(F)=CN3N=C2N)C=NC=C1,0.563983922
CN1C[C@@H]2CCN(C[C@@H]2C1=O)C1=C(NC(=O)C2=C3N=CC(F)=CN3N=C2N)C=NC=C1,0.146030401
CC1=NN(C=C1)C1=C(NC(=O)C2=C3N=CC(F)=CN3N=C2N)C=NC=C1,0.560907619
NC1=NN2C=C(F)C=NC2=C1C(=O)NC1=C(C=CN=C1)N1CCC2(COC2)CC1,0.130423488
CN1CCOCC1C(=O)N1CCN(CC1)C1=C(NC(=O)C2=C3N=CC(F)=CN3N=C2N)C=NC=C1F,0.078317407
NC1=NN2C=C(F)C=NC2=C1C(=O)NC1=C(N2CCN(CC(=O)N3CCC3)CC2)C(F)=CN=C1,0.106374962
CN1CC2(CCN(CC2)C2=C(NC(=O)C3=C4N=CC(F)=CN4N=C3N)C=NC=C2F)OC1=O,0.104435732
NC1=NN2C=C(F)C=NC2=C1C(=O)NC1=C(C=CN=C1)N1CCC(CC1)N1CCCC1=O,0.124870928
CN1CC2(CCN(CC2)C2=C(NC(=O)C3=C4N=CC(F)=CN4N=C3N)C=NC=C2)CCC1=O,0.161580267
NC1=NN2C=C(F)C=NC2=C1C(=O)NC1=C(N2CC3CCCN3C(=O)C2)C(F)=CN=C1,0.152166061
CN1CCN2CCN(CC2C1=O)C1=C(NC(=O)C2=C3N=CC(F)=CN3N=C2N)C=NC=C1,0.14081655
CN(C)C(=O)C1CN(CCO1)C1=C(NC(=O)C2=C3N=CC(F)=CN3N=C2N)C=NC=C1,0.201795373
CN1C(=O)CCC11CCN(CC1)C1=C(NC(=O)C2=C3N=CC(F)=CN3N=C2N)C=NC=C1,0.150785834
CN1CC2(CC1=O)CCN(CC2)C1=C(NC(=O)C2=C3N=CC(F)=CN3N=C2N)C=NC=C1,0.156817737
CC1=CC=NN1C1=C(NC(=O)C2=C3N=CC(F)=CN3N=C2N)C=NC=C1C,0.311481921
NC1=NN2C=C(F)C=NC2=C1C(=O)NC1=C(C=CN=C1)N1CCN2C(COC2=O)C1,0.184737396
NC1=NN2C=C(F)C=NC2=C1C(=O)NC1=C(N2CCC3(COC3)CC2)C(F)=CN=C1,0.127773636
CN1CCN2CCN(CC2C1=O)C1=C(NC(=O)C2=C3N=CC(F)=CN3N=C2N)C=NC=C1F,0.117297255
NC1=NN2C=C(F)C=NC2=C1C(=O)NC1=C(C=CN=C1)N1CCC(CC1)C1=NOC=N1,0.241981987
CC1(CCN(CC1)C1=C(NC(=O)C2=C3N=CC(F)=CN3N=C2N)C=NC=C1)S(C)(=O)=O,0.271744011
NC1=NN2C=C(F)C=NC2=C1C(=O)NC1=C(C=CN=C1)N1CCN2C(CCCC2=O)C1,0.26605369
NC1=NN2C=C(F)C=NC2=C1C(=O)NC1=C(N2CCCC2)C(F)=CN=C1,0.364784045
NC1=NN2C=C(F)C=NC2=C1C(=O)NC1=C(C=CN=C1)N1CCN2[C@@H](CCS2(=O)=O)C1,0.170615546
NC1=NN2C=C(F)C=NC2=C1C(=O)NC1=C(N2CCN3[C@H](COC3=O)C2)C(F)=CN=C1,0.137405145
NC1=NN2C=C(F)C=NC2=C1C(=O)NC1=C(C=CN=C1)N1CCN(CC1)C(=O)C1COC1,0.136918648
NC1=NN2C=C(F)C=NC2=C1C(=O)NC1=C(N2CCS(=O)(=O)CC2)C(F)=CN=C1,0.214415975
CC(=O)N1CC2(C1)CCN(CC2)C1=C(NC(=O)C2=C3N=CC(F)=CN3N=C2N)C=NC=C1,0.102454597
CC1(C)CN(CCS1(=O)=O)C1=C(NC(=O)C2=C3N=CC(F)=CN3N=C2N)C=NC=C1,0.232734087
NC1=NN2C=C(F)C=NC2=C1C(=O)NC1=C(C=CN=C1)N1CCCC2(COC2)C1,0.202749095
CC(=O)N1CCN(CC1)C1=C(NC(=O)C2=C3N=CC(F)=CN3N=C2N)C=NC=C1,0.230204602
NC1=NN2C=C(F)C=NC2=C1C(=O)NC1=C(C=CN=C1)N1CCC2(CCNC2)CC1,0.083187398
CC1=NN=C(O1)N1CCN(CC1)C1=C(NC(=O)C2=C3N=CC(F)=CN3N=C2N)C=NC=C1,0.158223077
CC(=O)N1CCC2(C1)CCN(CC2)C1=C(NC(=O)C2=C3N=CC(F)=CN3N=C2N)C=NC=C1,0.127011466
NC1=NN2C=C(F)C=NC2=C1C(=O)NC1=C(C=CN=C1)N1CCN2[C@H](CCC2=O)C1,0.203305505
CN1C=CC2=CN=CC(NC(=O)C3=C4N=CC(F)=CN4N=C3N)=C12,0.272147054
CC1=NON=C1N1CCN(CC1)C1=C(NC(=O)C2=C3N=CC(F)=CN3N=C2N)C=NC=C1,0.105477609
COC(=O)N1CCN(CC1)C1=C(NC(=O)C2=C3N=CC(F)=CN3N=C2N)C=NC=C1F,0.160238268
CC(=O)N1CCCC11CCN(CC1)C1=C(NC(=O)C2=C3N=CC(F)=CN3N=C2N)C=NC=C1,0.139409493
CC1=NN=CN1C1=C(NC(=O)C2=C3N=CC(F)=CN3N=C2N)C=NC=C1,0.159057139
NC1=NN2C=C(F)C=NC2=C1C(=O)NC1=C(C=CN=C1)N1CCCCCC1,0.479719248
CC1=NN=C(O1)C1CCN(CC1)C1=C(NC(=O)C2=C3N=CC(F)=CN3N=C2N)C=NC=C1,0.172828391
COC1CCN(CC1)C1=C(NC(=O)C2=C3N=CC(F)=CN3N=C2N)C=NC=C1,0.162123396
CN(C)CC1CCN(CC1)C1=C(NC(=O)C2=C3N=CC(F)=CN3N=C2N)C=NC=C1,0.092762163
NC1=NN2C=C(F)C=NC2=C1C(=O)NC1=C(C=CN=C1)N1CCC(CC1)C1=NN=CO1,0.163715472
CC1=C(C)N(C=N1)C1=C(NC(=O)C2=C3N=CC(F)=CN3N=C2N)C=NC=C1,0.249255066
NC1=NN2C=C(F)C=NC2=C1C(=O)NC1=C(N2CCCCC2)C(F)=CN=C1,0.376519258
CN1CCOC2(CCN(CC2)C2=C(NC(=O)C3=C4N=CC(F)=CN4N=C3N)C=NC=C2F)C1,0.067795267
NC1=NN2C=C(F)C=NC2=C1C(=O)NC1=C(N2CCC(CC2)S(=O)(=O)N2CCN3CCC2CC3)C(F)=CN=C1,0.074269293
NC1=NN2C=C(F)C=NC2=C1C(=O)NC1=C(N2CCN(CC2)C(=O)C2CCOC2)C(F)=CN=C1,0.092525003
NC1=NN2C=C(F)C=NC2=C1C(=O)NC1=C(N2CCN(CC2)C(=O)C2CC2)C(F)=CN=C1,0.139127176
NC1=NN2C=C(F)C=NC2=C1C(=O)NC1=C(N2CCN3C(CCCC3=O)C2)C(F)=CN=C1,0.198434442
NC1=NN2C=C(F)C=NC2=C1C(=O)NC1=C(N2CCN(CC2)C(=O)C2COC2)C(F)=CN=C1,0.108336955
NC1=NN2C=C(F)C=NC2=C1C(=O)NC1=C(N2CCN3[C@@H](CCCC3=O)C2)C(F)=CN=C1,0.158398671
NC1=NN2C=C(F)C=NC2=C1C(=O)NC1=C(N2CCN3[C@H](CCCC3=O)C2)C(F)=CN=C1,0.178911948
NC1=NN2C=C(F)C=NC2=C1C(=O)NC1=C(N2CCCC2)C(Cl)=CN=C1,0.386396845
COCC1CCN(CC1)C1=C(NC(=O)C2=C3N=CC(F)=CN3N=C2N)C=NC=C1,0.184136477
CC1=CN=CN1C1=C(NC(=O)C2=C3N=CC(F)=CN3N=C2N)C=NC=C1,0.248302791
NC1=NN2C=C(F)C=NC2=C1C(=O)NC1=C(N2CCC(O)C2)C(Cl)=CN=C1,0.158803476
NC1=NN2C=C(F)C=NC2=C1C(=O)NC1=C(N2CC[C@H](C2)C#N)C(Cl)=CN=C1,0.23953925
CN1CC2CN(CC2C1)C1=C(NC(=O)C2=C3N=CC(F)=CN3N=C2N)C=NC=C1Cl,0.080083215
CS(=O)(=O)C1CCN(C1)C1=C(NC(=O)C2=C3N=CC(F)=CN3N=C2N)C=NC=C1Cl,0.337583181
NC1=NN2C=C(F)C=NC2=C1C(=O)NC1=C(N2CCC(CC2)N2C=CN=C2)C(F)=CN=C1,0.148523273
CN1CCN(CC1)C(=O)C1CCCN(C1)C1=C(NC(=O)C2=C3N=CC(F)=CN3N=C2N)C=NC=C1F,0.098822645
CN(C)C(=O)C1CCCN(C1)C1=C(NC(=O)C2=C3N=CC(F)=CN3N=C2N)C=NC=C1,0.272423721
CN1CC[C@@H](C1)OC1=C(NC(=O)C2=C3N=CC(F)=CN3N=C2N)C=NC=C1,0.153806959
NC1=NN2C=C(CC#N)C=NC2=C1C(=O)NC1=C(OC2CCCNC2)C=CN=C1,0.135185736
CN(C)CC1=NC=C(OC2=C(NC(=O)C3=C4N=CC(F)=CN4N=C3N)C=NC=C2)C=C1,0.141286962
COC1=C(NC(=O)C2=C3N=CC(F)=CN3N=C2N)C=NC=C1,0.633424298
NC1=NN2C=C(F)C=NC2=C1C(=O)NC1=C(O[C@H]2CN3CCC2CC3)C=CN=C1,0.13793781
NC1=NN2C=C(F)C=NC2=C1C(=O)NC1=C(OC2CN3CCC2CC3)C=CN=C1,0.150430754
NC1=NN2C=C(F)C=NC2=C1C(=O)NC1=C(OC2=CN=CC=C2)C=CN=C1,0.258090161
NC1=NN2C=C(F)C=NC2=C1C(=O)NC1=C(OC2CCC(CC2)C(O)=O)C=CN=C1,0.161883214
NC1=NN2C=C(F)C=NC2=C1C(=O)NC1=C(O[C@H]2CCCN(C2)C2COC2)C=CN=C1,0.144196709
NC1=NN2C=C(F)C=NC2=C1C(=O)NC1=C(O[C@@H]2CN3CCC2CC3)C=CN=C1,0.128090016
NC1=NN2C=C(F)C=NC2=C1C(=O)NC1=C(OC2CCN(CC2)C2COC2)C=CN=C1,0.12475649
CN1CCC(CC1)OC1=C(NC(=O)C2=C3N=CC(F)=CN3N=C2N)C=NC=C1,0.152941119
COC(=O)[C@H]1CC[C@@H](CC1)OC1=C(NC(=O)C2=C3N=CC(F)=CN3N=C2N)C=NC=C1,0.343266483
CCOC1=C(NC(=O)C2=C3N=CC(F)=CN3N=C2N)C=NC=C1,0.677593342
NC1=NN2C=C(F)C=NC2=C1C(=O)NC1=C(OC2CCOC2)C=CN=C1,0.350210902
NC1=NN2C=C(F)C=NC2=C1C(=O)NC1=C(O[C@@H]2CN3C=CN=C3C2)C=CN=C1,0.24919514
CN(C)C(=O)[C@@H]1CC[C@@H](CC1)OC1=C(NC(=O)C2=C3N=CC(F)=CN3N=C2N)C=NC=C1,0.272473384
COC(=O)[C@@H]1CC[C@@H](CC1)OC1=C(NC(=O)C2=C3N=CC(F)=CN3N=C2N)C=NC=C1,0.316645184
CN1CCN(CC1)C(=O)[C@@H]1CC[C@@H](CC1)OC1=C(NC(=O)C2=C3N=CC(F)=CN3N=C2N)C=NC=C1,0.117670745
CCC(C#N)C1=CN2N=C(N)C(C(=O)NC3=C(OC)C=CN=C3)=C2N=C1,0.419488206
COC1=C(NC(=O)C2=C3N=CC(=CN3N=C2N)C(C)C#N)C=NC=C1,0.487261409
NC1=NN2C=C(CC#N)C=NC2=C1C(=O)NC1=C(OC2CN3CCC2CC3)C=CN=C1,0.138991469
CN1CCC(CC1)OC1=C(NC(=O)C2=C3N=CC(CC#N)=CN3N=C2N)C=NC=C1,0.158548699
CN(C)CCOC1=C(NC(=O)C2=C3N=CC(CC#N)=CN3N=C2N)C=NC=C1,0.223060275
NC1=NN2C=C(CC#N)C=NC2=C1C(=O)NC1=C(OC2=CC=CC=C2)C=CN=C1,0.321166503
COC1=C(NC(=O)C2=C3N=CC(CC#N)=CN3N=C2N)C=NC=C1,0.711915048
COC1=C(NC(=O)C2=C3N=CC(CC#N)=CN3N=C2N)C=NC(Cl)=C1,0.889538345
CCOC1=C(NC(=O)C2=C3N=CC(CC#N)=CN3N=C2N)C=NC=C1,0.660699601
COCCOC1=C(NC(=O)C2=C3N=CC(CC#N)=CN3N=C2N)C=NC=C1,0.481226335
NC1=NN2C=C(CC#N)C=NC2=C1C(=O)NC1=C(OC2CCOCC2)C=CN=C1,0.314642922
NC1=NN2C=C(CC#N)C=NC2=C1C(=O)NC1=C(O[C@@H]2CCOC2)C=CN=C1,0.328788087
NC1=NN2C=C(CC#N)C=NC2=C1C(=O)NC1=C(OCC2CC2)C=CN=C1,0.546622593
NC1=NN2C=C(CC#N)C=NC2=C1C(=O)NC1=C(OCCO)C=CN=C1,0.316228778
NC1=NN2C=C(CC#N)C=NC2=C1C(=O)NC1=C(OCC(F)(F)F)C=CN=C1,0.551311545
CC(C)OC1=C(NC(=O)C2=C3N=CC(CC#N)=CN3N=C2N)C=NC=C1,0.509929008
NC1=NN2C=C(CC#N)C=NC2=C1C(=O)NC1=C(OC2CCC2)C=CN=C1,0.470799595
NC1=NN2C=C(CC#N)C=NC2=C1C(=O)NC1=C(OC2CCOC2)C=CN=C1,0.349770083
NC1=NN2C=C(CC#N)C=NC2=C1C(=O)NC1=C(OC2COC2)C=CN=C1,0.392785102
NC1=NN2C=C(CC#N)C=NC2=C1C(=O)NC1=C(OC2CCCCC2)C=CN=C1,0.425526383
NC1=NN2C=C(CC#N)C=NC2=C1C(=O)NC1=C(OCCCO)C=CN=C1,0.265354589
NC1=NN2C=C(CC#N)C=NC2=C1C(=O)NC1=C(OC2CCCOC2)C=CN=C1,0.352635091
NC1=NN2C=C(CC#N)C=NC2=C1C(=O)NC1=C(O[C@H]2CCOC2)C=CN=C1,0.298165996
NC1=NN2C=C(CC#N)C=NC2=C1C(=O)NC1=C(OC2CCCC2)C=CN=C1,0.474193146
NC1=NN2C=C(F)C=NC2=C1C(=O)NC1=C(OC2CC[S+]([O-])CC2)C=CN=C1,0.286076129
NC1=NN2C=C(F)C=NC2=C1C(=O)NC1=C(OC2CCS(=O)(=O)CC2)C=CN=C1,0.20466144
CN1CCC(CC1)OC1=C(NC(=O)C2=C3N=CC(Cl)=CN3N=C2N)C=NC=C1Cl,0.104036508
CN(C)CCOCCOC1=C(NC(=O)C2=C3N=CC(Cl)=CN3N=C2N)C=NC=C1,0.180367142
CN(C)CCOC1=C(NC(=O)C2=C3N=CC(Cl)=CN3N=C2N)C=NC=C1,0.256486053
CN1CCC[C@@H]1COC1=C(NC(=O)C2=C3N=CC(Cl)=CN3N=C2N)C=NC=C1,0.16617394
CN1CCC[C@H]1COC1=C(NC(=O)C2=C3N=CC(Cl)=CN3N=C2N)C=NC=C1,0.170610492
CN1CCCC(C1)OC1=C(NC(=O)C2=C3N=CC(Cl)=CN3N=C2N)C=NC=C1,0.160286818
CN(C)CCCOC1=C(NC(=O)C2=C3N=CC(Cl)=CN3N=C2N)C=NC=C1,0.192521377
NC1=NN2C=C(Cl)C=NC2=C1C(=O)NC1=C(OCCCO)C=CN=C1,0.255143578
NC1=NN2C=C(Cl)C=NC2=C1C(=O)NC1=C(O[C@@H]2CCOC2)C=CN=C1,0.284411961
COCCOC1=C(NC(=O)C2=C3N=CC(Cl)=CN3N=C2N)C=NC=C1,0.47912373
CCOC1=C(NC(=O)C2=C3N=CC(Cl)=CN3N=C2N)C=NC=C1,0.799681889
COC1=C(NC(=O)C2=C3N=CC(Cl)=CN3N=C2N)C=NC=C1,0.773848054
NC1=NN2C=C(Cl)C=NC2=C1C(=O)NC1=C(O[C@H]2CCOC2)C=CN=C1,0.312024939
NC1=NN2C=C(Cl)C=NC2=C1C(=O)NC1=C(OCC(F)(F)F)C=CN=C1,0.621586084
NC1=NN2C=C(Cl)C=NC2=C1C(=O)NC1=C(OCCN2CCOCC2)C=CN=C1,0.19918268
NC1=NN2C=C(Cl)C=NC2=C1C(=O)NC1=C(OC2CCOCC2)C=CN=C1,0.248036769
NC1=NN2C=C(Cl)C=NC2=C1C(=O)NC1=C(OC2CN3CCC2CC3)C=CN=C1,0.112815811
CN1CC[C@H](C1)OC1=C(NC(=O)C2=C3N=CC(Cl)=CN3N=C2N)C=NC=C1,0.164600461
CN1CCC(CC1)OC1=C(NC(=O)C2=C3N=CC(Cl)=CN3N=C2N)C=NC=C1,0.13647615
NC1=NN2C=C(Cl)C=NC2=C1C(=O)NC1=C(OC2CCCOC2)C=CN=C1,0.352185133
NC1=NN2C=C(Cl)C=NC2=C1C(=O)NC1=C(OCCO)C=CN=C1,0.286565418
COCCN1CCC[C@@H](C1)OC1=C(NC(=O)C2=C3N=CC(Cl)=CN3N=C2N)C=NC=C1,0.111204073
CN(C)CCOC1=C(NC(=O)C2=C3N=CC(Cl)=CN3N=C2N)C=NC(Cl)=C1,0.199216659
CN1CC[C@@H](C1)OC1=C(NC(=O)C2=C3N=CC(Cl)=CN3N=C2N)C=NC=C1,0.149288009
NC1=NN2C=C(Cl)C=NC2=C1C(=O)NC1=C(OC2=CN=CC=C2)C=CN=C1,0.258525876
CN(C)CCOC1=C(NC(=O)C2=C3N=CC(Cl)=CN3N=C2N)C=NC(=C1)C(F)(F)F,0.188259328
NC1=NN2C=C(Cl)C=NC2=C1C(=O)NC1=C(OC2CC3(CNC3)C2)C=CN=C1,0.112072866
NC1=NN2C=C(Cl)C=NC2=C1C(=O)NC1=C(OC2CNC2)C=CN=C1,0.248790543
NC1=NN2C=C(Cl)C=NC2=C1C(=O)NC1=C(O[C@H]2CCCNC2)C=CN=C1,0.140890831
NC1=NN2C=C(Cl)C=NC2=C1C(=O)NC1=C(OC2CCCNC2)C=CN=C1,0.138728765
NC1=NN2C=C(Cl)C=NC2=C1C(=O)NC1=C(O[C@H]2CCNC2)C=CN=C1,0.164599348
NC1=NN2C=C(Cl)C=NC2=C1C(=O)NC1=C(O[C@@H]2CCNC2)C=CN=C1,0.161714791
NC1=NN2C=C(Cl)C=NC2=C1C(=O)NC1=C(O[C@H]2C[C@]3(CCN3)C2)C=CN=C1,0.091271481
NC1=NN2C=C(Cl)C=NC2=C1C(=O)NC1=C(OC2CCNCC2)C=CN=C1,0.141890057
NC1=NN2C=C(CC#N)C=NC2=C1C(=O)NC1=C(OC2CNC2)C=CN=C1,0.224578426
NCCOC1=C(NC(=O)C2=C3N=CC(CC#N)=CN3N=C2N)C=NC=C1,0.201179838
NC1=NN2C=C(CC#N)C=NC2=C1C(=O)NC1=C(OC2CCNCC2)C=CN=C1,0.129708374
NC1=NN2C=C(F)C=NC2=C1C(=O)NC1=C(O[C@H]2CCCNC2)C=CN=C1,0.156635211
NC1=NN2C=C(CC#N)C=NC2=C1C(=O)NC1=C(O[C@H]2CCNC2)C=CN=C1,0.159726279
NC1=NN2C=C(CC#N)C=NC2=C1C(=O)NC1=C(O[C@@H]2CCNC2)C=CN=C1,0.177732617
CC(C)(C)OC1=C(NC(=O)C2=C3N=CC(F)=CN3N=C2N)C=NC=C1,0.876082824
CN1CCC(CC1)OC1=C(NC(=O)C2=C3N=CC(F)=CN3N=C2N)C=NC=C1F,0.123241317
CNC1=CC(OC)=C(NC(=O)C2=C3N=CC(F)=CN3N=C2N)C=N1,0.213403083
NC1=NN2C=C(F)C=NC2=C1C(=O)NC1=C(OC2CCN(CC2)C2COC2)C(F)=CN=C1,0.101578677
NC1=NN2C=C(F)C=NC2=C1C(=O)NC1=C(OC2COC2)C=CN=C1,0.408018614
CN1CCC(CC1)C1=C(NC(=O)C2=C3N=CC(F)=CN3N=C2N)C=NC=C1,0.15692649
CC1=C(NC(=O)C2=C3N=CC(Cl)=CN3N=C2N)C=NC=C1,1.1920621
CC1=C(NC(=O)C2=C3N=CC(CC#N)=CN3N=C2N)C=NC=C1,0.932958026
CC1=C(NC(=O)C2=C3N=CC(F)=CN3N=C2N)C=NC=C1,0.807756395
NC1=NN2C=C(F)C=NC2=C1C(=O)NC1=C(C=CN=C1)C1=CC=CC=C1,0.553122131
NC1=NN2C=C(CC#N)C=NC2=C1C(=O)NC1=C(C=CN=C1)C1=CC=CC=C1,0.447827668
NC1=NN2C=C(F)C=NC2=C1C(=O)NC1=C2CCNCC2=CN=C1,0.227076652
CN1CCC2=C(NC(=O)C3=C4N=CC(F)=CN4N=C3N)C=NC=C2C1,0.40532784
C[N+]1([O-])CCC2=C(NC(=O)C3=C4N=CC(F)=CN4N=C3N)C=NC=C2C1,0.241555486
NC1=NN2C=C(F)C=NC2=C1C(=O)NC1=C(C=CN=C1)C1CCN(CC1)C1COC1,0.129153131
NC1=NN2C=C(Cl)C=NC2=C1C(=O)NC1=C(C=CN=C1)C1CCN(CC1)C1COC1,0.10868167
NC1=NN2C=C(F)C=NC2=C1C(=O)NC1=C(C(F)=CN=C1)C1=CCN(CC1)C1COC1,0.122266824
NC1=NN2C=C(F)C=NC2=C1C(=O)NC1=C(C2CCN(CC2)C2COC2)C(F)=CN=C1,0.085589937
CN1CCC(CC1)C1=C(NC(=O)C2=C3N=CC(F)=CN3N=C2N)C=NC=C1F,0.133920784
NC1=NN2C=C(F)C=NC2=C1C(=O)NC1=C(C=CN=C1)C1=CN=CC=C1,0.198664384
CN1CCC(CC1)C(=O)N1CCC(CC1)C1=C(NC(=O)C2=C3N=CC(F)=CN3N=C2N)C=NC=C1,0.103627078
CN1CCN(CC1)C(=O)N1CCC(CC1)C1=C(NC(=O)C2=C3N=CC(F)=CN3N=C2N)C=NC=C1,0.102716701
NC1=NN2C=C(F)C=NC2=C1C(=O)NC1=C(C=CN=C1)C1CCN(CC1)C(=O)C12CCN(CC1)CC2,0.074210645
CN1CCN(CC1)C(=O)C1=NC=C(C=C1)C1=C(NC(=O)C2=C3N=CC(F)=CN3N=C2N)C=NC=C1,0.153257242
CC1=C(C=CC=N1)C1=C(NC(=O)C2=C3N=CC(F)=CN3N=C2N)C=NC=C1,0.196182584
CN1CCN(CC1)C1=NC=C(C=C1)C1=C(NC(=O)C2=C3N=CC(F)=CN3N=C2N)C=NC=C1,0.134764571
CC1=NC=C(C=C1)C1=C(NC(=O)C2=C3N=CC(F)=CN3N=C2N)C=NC=C1,0.182981979
CN1CCC(CC1)C1=C(NC(=O)C2=C3N=CC(=CN3N=C2N)C(C)(C)C#N)C=NC=C1,0.105367862
NC1=NN2C=C(F)C=NC2=C1C(=O)NC1=C(C=CN=C1)C1=CC=NC=C1,0.174792823
NC1=NN2C=C(F)C=NC2=C1C(=O)NC1=C(C=CN=C1)C1=CC=NN=C1,0.217867203
COC1=NC=C(C=C1)C1=C(NC(=O)C2=C3N=CC(F)=CN3N=C2N)C=NC=C1,0.185866593
NC1=NN2C=C(F)C=NC2=C1C(=O)NC1=C(C=CN=C1)C1=CN=CN=C1,0.19045115
CC1=C(C=CN=C1)C1=C(NC(=O)C2=C3N=CC(F)=CN3N=C2N)C=NC=C1,0.22950101
CC1=C(C=NC=C1)C1=C(NC(=O)C2=C3N=CC(F)=CN3N=C2N)C=NC=C1,0.228132141
NC1=NN2C=C(F)C=NC2=C1C(=O)NC1=C(C=CN=C1)C1=C(O)N=CC=C1,0.154472603
CC1=C(N=NC=C1)C1=C(NC(=O)C2=C3N=CC(F)=CN3N=C2N)C=NC=C1,0.254458119
CC1=C(C=CC(F)=N1)C1=C(NC(=O)C2=C3N=CC(F)=CN3N=C2N)C=NC=C1,0.175009392
NC1=NN2C=C(F)C=NC2=C1C(=O)NC1=C(C=CN=C1)C1=C(F)N=CC=C1,0.184152919
CC1=C(N=CC=C1)C1=C(NC(=O)C2=C3N=CC(F)=CN3N=C2N)C=NC=C1,0.287367956
NC1=NN2C=C(F)C=NC2=C1C(=O)NC1=C(C=CN=C1)C1=C(Cl)N=CC=C1,0.242020702
CN1CCC(CC1)C(=O)N1CCC(=CC1)C1=C(NC(=O)C2=C3N=CC(F)=CN3N=C2N)C=NC=C1F,0.089055162
CN1CCN(CC1)C(=O)C1=NC(C)=C(C=C1)C1=C(NC(=O)C2=C3N=CC(F)=CN3N=C2N)C=NC=C1,0.141504004
CN1CCN(CC1)C1=NC(C)=C(C=C1)C1=C(NC(=O)C2=C3N=CC(F)=CN3N=C2N)C=NC=C1,0.106659333
CN1CC[C@H](C1)OC1=NC(C)=C(C=C1)C1=C(NC(=O)C2=C3N=CC(F)=CN3N=C2N)C=NC=C1,0.116686931
NC1=NN2C=C(F)C=NC2=C1C(=O)NC1=C(C=CN=C1)C1CC1,0.682219911
NC1=NN2C=C(F)C=NC2=C1C(=O)NC1=C(C=CN=C1)C1=CC=C(C=C1)C(=O)N1CCNCC1,0.132937341
CN1CCN(CC1)C(=O)C1=CC(C)=C(C=C1)C1=C(NC(=O)C2=C3N=CC(F)=CN3N=C2N)C=NC=C1,0.114220443
CN1CCN(CC1)C(=O)C1=CC(Cl)=C(N=C1)C1=C(NC(=O)C2=C3N=CC(F)=CN3N=C2N)C=NC=C1,0.140572743
NC1=NN2C=C(F)C=NC2=C1C(=O)NC1=C(C=CN=C1)C1CCN(CC1)S(=O)(=O)C1CC1,0.211368248
NC1=NN2C=C(F)C=NC2=C1C(=O)NC1=C(C=CN=C1)C1=CC=C(C=C1)C(=O)N1CCN2CCC1CC2,0.113657848
NC1=NN2C=C(F)C=NC2=C1C(=O)NC1=C(C=CN=C1)C1=CC=C(C=C1)C(=O)N1CCN(CC1)C1COC1,0.144031018
NC1NN2C=C(F)C=NC2C1C(=O)NC1=C(C=CN=C1)C1=CC=C(C=C1F)C(=O)N1CCN2CCC1CC2,0.140450771
NC1=NN2C=C(F)C=NC2=C1C(=O)NC1=C(C=CN=C1)C1=CC=C(C=C1F)C(=O)N1CCN(CC1)C1COC1,0.128358519
NC1=NN2C=C(F)C=NC2=C1C(=O)NC1=C(C=CN=C1)C1=CC=C(N=C1)C(=O)N1CCN(CC1)C1COC1,0.135198002
NC1=NN2C=C(F)C=NC2=C1C(=O)NC1=C(C=CN=C1)C1=CC=C(N=C1)C(=O)N1CCC(CC1)N1CCCC1,0.143472125
NC1=NN2C=C(F)C=NC2=C1C(=O)NC1=C(C=CN=C1)C1=CC=C(N=C1)C(=O)N1CCC(CC1)N1CCC1,0.128165563
CN1C=CN=C1C1=C(NC(=O)C2=C3N=CC(F)=CN3N=C2N)C=NC=C1,0.222779237
CN1C=NC=C1C1=C(NC(=O)C2=C3N=CC(F)=CN3N=C2N)C=NC=C1,0.219361285
CN1N=CC=C1C1=C(NC(=O)C2=C3N=CC(F)=CN3N=C2N)C=NC=C1,0.165605408
CN1C(=O)C=CC=C1C1=C(NC(=O)C2=C3N=CC(F)=CN3N=C2N)C=NC=C1,0.223817951
CN1C=C(C=CC1=O)C1=C(NC(=O)C2=C3N=CC(F)=CN3N=C2N)C=NC=C1,0.167868147
NC1=NN2C=C(F)C=NC2=C1C(=O)NC1=C(C=CN=C1)C1=CC=CC=N1,0.296481768
CS(=O)(=O)C1=CC=C(C=C1)C1=C(NC(=O)C2=C3N=CC(F)=CN3N=C2N)C=NC=C1,0.335564484
CC1=NC=CN=C1C1=C(NC(=O)C2=C3N=CC(F)=CN3N=C2N)C=NC=C1,0.220534098
CN1C=C(C(C)=N1)C1=C(NC(=O)C2=C3N=CC(F)=CN3N=C2N)C=NC=C1,0.184680459
NC1=NN2C=C(F)C=NC2=C1C(=O)NC1=C(C=CN=C1)C1=CC=C(C=C1)S(=O)(=O)N1CCC1,0.194213418
CN1N=CN=C1C1=C(NC(=O)C2=C3N=CC(F)=CN3N=C2N)C=NC=C1,0.18950777
CN1CCOC[C@@H]1C1=CC=C(C=C1)C1=C(NC(=O)C2=C3N=CC(F)=CN3N=C2N)C=NC=C1,0.138031476
CC1=C(N=CN=C1)C1=C(NC(=O)C2=C3N=CC(F)=CN3N=C2N)C=NC=C1,0.180083624
CN1C=CC(=N1)C1=C(NC(=O)C2=C3N=CC(F)=CN3N=C2N)C=NC=C1,0.221318713
CC(=O)N1CCC(CC1)C1=C(NC(=O)C2=C3N=CC(F)=CN3N=C2N)C=NC=C1,0.336731836
NC1=NN2C=C(F)C=NC2=C1C(=O)NC1=C(C=CN=C1)C1CCN(CC1)C(=O)C1CC1,0.280226991
NC1=NN2C=C(F)C=NC2=C1C(=O)NC1=C(C=CN=C1)C1CCN(CC1)C(=O)C1(CC1)C#N,0.229354935
CN1N=NC=C1C1=C(NC(=O)C2=C3N=CC(F)=CN3N=C2N)C=NC=C1,0.222209431
CN1CCC(CC1=O)C1=C(NC(=O)C2=C3N=CC(F)=CN3N=C2N)C=NC=C1,0.396816006
CN1C=CC2=C(NC(=O)C3=C4N=CC(F)=CN4N=C3N)C=NC=C12,0.327517974
NC1=NN2C=C(F)C=NC2=C1C(=O)NC1=C(C=CN=C1)C1CCOC1,0.380493306
NC1=NN2C=C(F)C=NC2=C1C(=O)NC1=C(CN2CCCC2=O)C=CN=C1,0.60407933
CN1C(C)=NC=C1C1=C(NC(=O)C2=C3N=CC(F)=CN3N=C2N)C=NC=C1,0.181444605
CN1C=NC(C)=C1C1=C(NC(=O)C2=C3N=CC(F)=CN3N=C2N)C=NC=C1,0.167493192
CCN1C=NC=C1C1=C(NC(=O)C2=C3N=CC(F)=CN3N=C2N)C=NC=C1,0.210631743
COC1=CN=CC(NC(=O)C2=C3N=CC(F)=CN3N=C2N)=C1C1=CN=CN1C,0.204979783
COC1=CN=CC(NC(=O)C2=C3N=CC(F)=CN3N=C2N)=C1C1=CN=CC=C1,0.204955811
COCCN1C=NC=C1C1=C(NC(=O)C2=C3N=CC(F)=CN3N=C2N)C=NC=C1,0.203654305
COC1=CN=CC(NC(=O)C2=C3N=CC(F)=CN3N=C2N)=C1C1CC1,0.604481206
CN1CCN(CC1)C(=O)C1CCN(CC1)C1=C(NC(=O)C2=C3N=CC(F)=CN3N=C2N)C=NC=C1,0.095890733
CN(C)C(=O)C1CCN(CC1)C1=C(NC(=O)C2=C3N=CC(F)=CN3N=C2N)C=NC=C1,0.163092159
CN1CCN(CC1)C(=O)C1CCN(CC1)C1=C(NC(=O)C2=C3N=CC(F)=CN3N=C2N)C=NC=C1Cl,0.092577953
CN1CCN(CC1)C(=O)C1CCN(CC1)C1=C(NC(=O)C2=C3N=CC(Cl)=CN3N=C2N)C=NC=C1F,0.079428291
CN1CCCN(CC1)C(=O)C1CCN(CC1)C1=C(NC(=O)C2=C3N=CC(F)=CN3N=C2N)C=NC=C1F,0.079137061
NC1=NN2C=C(F)C=NC2=C1C(=O)NC1=C(N2CCC(CC2)C(=O)N2CCC2)C(F)=CN=C1,0.111132323
CCN1CCN(CC1)C(=O)C1CCN(CC1)C1=C(NC(=O)C2=C3N=CC(F)=CN3N=C2N)C=NC=C1F,0.087700189
NC1=NN2C=C(F)C=NC2=C1C(=O)NC1=C(N2CCC(CC2)C(=O)N2CCN3CCCC3C2)C(F)=CN=C1,0.071737315
CN(C)[C@@H]1CCN(C1)C(=O)C1CCN(CC1)C1=C(NC(=O)C2=C3N=CC(F)=CN3N=C2N)C=NC=C1F,0.082734124
NC1=NN2C=C(F)C=NC2=C1C(=O)NC1=C(N2CCC(CC2)C(=O)N2CCN(CC2)C2CC2)C(F)=CN=C1,0.090844931
NC1=NN2C=C(F)C=NC2=C1C(=O)NC1=C(N2CCC(CC2)C(=O)N2CC3(COC3)C2)C(F)=CN=C1,0.129645056
CN1CCN(CC1(C)C)C(=O)C1CCN(CC1)C1=C(NC(=O)C2=C3N=CC(F)=CN3N=C2N)C=NC=C1F,0.08044056
CN(C)CCCN(C)C(=O)C1CCN(CC1)C1=C(NC(=O)C2=C3N=CC(F)=CN3N=C2N)C=NC=C1F,0.098041587
CN1CC2CN(CC2C1)C(=O)C1CCN(CC1)C1=C(NC(=O)C2=C3N=CC(F)=CN3N=C2N)C=NC=C1F,0.081769686
CC(C)(C)NC(=O)C1CCN(CC1)C1=C(NC(=O)C2=C3N=CC(F)=CN3N=C2N)C=NC=C1F,0.121130032
CN1CCC(CC1)NC(=O)C1CCN(CC1)C1=C(NC(=O)C2=C3N=CC(F)=CN3N=C2N)C=NC=C1F,0.071550999
CN(C)C1CN(C1)C(=O)C1CCN(CC1)C1=C(NC(=O)C2=C3N=CC(F)=CN3N=C2N)C=NC=C1F,0.106546056
CN1CC(C1)NC(=O)C1CCN(CC1)C1=C(NC(=O)C2=C3N=CC(F)=CN3N=C2N)C=NC=C1F,0.091695811
CN1CCC(C1)NC(=O)C1CCN(CC1)C1=C(NC(=O)C2=C3N=CC(F)=CN3N=C2N)C=NC=C1F,0.070030267
CN1CCN(CC1)C(=O)C1(CCN(CC1)C1=C(NC(=O)C2=C3N=CC(F)=CN3N=C2N)C=NC=C1F)C#N,0.078140626
CN(C)CCCNC(=O)C1CCN(CC1)C1=C(NC(=O)C2=C3N=CC(F)=CN3N=C2N)C=NC=C1F,0.091247229
CC1(C)CN(CCN1)C(=O)C1CCN(CC1)C1=C(NC(=O)C2=C3N=CC(F)=CN3N=C2N)C=NC=C1F,0.068570387
CN(C)C(=O)C1CCN(CC1)C1=C(NC(=O)C2=C3N=CC(F)=CN3N=C2N)C=NC=C1F,0.16493435
CN(C)CCNC(=O)C1CCN(CC1)C1=C(NC(=O)C2=C3N=CC(F)=CN3N=C2N)C=NC=C1F,0.088818597
CN(C)CCN(C)C(=O)C1CCN(CC1)C1=C(NC(=O)C2=C3N=CC(F)=CN3N=C2N)C=NC=C1F,0.090385404
CNC(=O)C1CCN(CC1)C1=C(NC(=O)C2=C3N=CC(F)=CN3N=C2N)C=NC=C1F,0.123697419
CNC1CN(C1)C(=O)C1CCN(CC1)C1=C(NC(=O)C2=C3N=CC(F)=CN3N=C2N)C=NC=C1F,0.093309652
NC1=NN2C=C(F)C=NC2=C1C(=O)NC1=C(N2CCC(CC2)C(=O)N2CCN(CC2)C2CCC2)C(F)=CN=C1,0.08246768
NC1=NN2C=C(F)C=NC2=C1C(=O)NC1=C(N2CCC(CC2)C(=O)N2CCOCC2)C(F)=CN=C1,0.09034497
NC1=NN2C=C(F)C=NC2=C1C(=O)NC1=C(N2CCC(CC2)C(=O)NC2COC2)C(F)=CN=C1,0.082416046
CN1CCN(CC11CC1)C(=O)C1CCN(CC1)C1=C(NC(=O)C2=C3N=CC(F)=CN3N=C2N)C=NC=C1F,0.074967018
COCCN(C)C(=O)C1CCN(CC1)C1=C(NC(=O)C2=C3N=CC(F)=CN3N=C2N)C=NC=C1F,0.109148096
NC1=NN2C=C(F)C=NC2=C1C(=O)NC1=C(N2CCC(CC2)C(=O)N2CC(O)C2)C(F)=CN=C1,0.103835949
NC1=NN2C=C(F)C=NC2=C1C(=O)NC1=C(N2CCC(CC2)C(=O)NCCN2CCC2)C(F)=CN=C1,0.085294714
NC1=NN2C=C(F)C=NC2=C1C(=O)NC1=C(N2CCC(CC2)C(=O)N2CC(C2)N2CCCC2)C(F)=CN=C1,0.090111676
NC1=NN2C=C(F)C=NC2=C1C(=O)NC1=C(N2CCC(CC2)C(=O)N2CC3CCC(C2)N3)C(F)=CN=C1,0.066914633
C[C@@H]1CN(CCN1)C(=O)C1CCN(CC1)C1=C(NC(=O)C2=C3N=CC(F)=CN3N=C2N)C=NC=C1F,0.093374869
NC1=NN2C=C(F)C=NC2=C1C(=O)NC1=C(N2CCC(CC2)C(=O)N2CCN3CCC2C3)C(F)=CN=C1,0.07483717
C[C@H]1CN(CCN1C)C(=O)C1CCN(CC1)C1=C(NC(=O)C2=C3N=CC(F)=CN3N=C2N)C=NC=C1F,0.072602883
NC1=NN2C=C(F)C=NC2=C1C(=O)NC1=C(N2CCC(CC2)C(=O)N2CCNCC2)C(Cl)=CN=C1,0.090807889
NC1=NN2C=C(F)C=NC2=C1C(=O)NC1=C(N2CCC(CC2)C(=O)N2CC(C2)N2CCC2)C(F)=CN=C1,0.084805026
C[C@@H]1CN(CCN1C)C(=O)C1CCN(CC1)C1=C(NC(=O)C2=C3N=CC(F)=CN3N=C2N)C=NC=C1F,0.073825537
NC1=NN2C=C(F)C=NC2=C1C(=O)NC1=C(N2CCC(CC2)C(=O)N2CC3CNCC3C2)C(F)=CN=C1,0.071260087
CN1C2CCC1CN(C2)C(=O)C1CCN(CC1)C1=C(NC(=O)C2=C3N=CC(F)=CN3N=C2N)C=NC=C1F,0.064508174
CN1CC2CC1CN2C(=O)C1CCN(CC1)C1=C(NC(=O)C2=C3N=CC(F)=CN3N=C2N)C=NC=C1F,0.080082013
CN1CCN(CC1)C(=O)C1(C)CCN(CC1)C1=C(NC(=O)C2=C3N=CC(F)=CN3N=C2N)C=NC=C1F,0.079412889
NC1=NN2C=C(F)C=NC2=C1C(=O)NC1=C(N2CCC(CC2)C(=O)N2CC(C2)N2CCCCC2)C(F)=CN=C1,0.086679415
NC1=NN2C=C(F)C=NC2=C1C(=O)NC1=C(N2CCC(CC2)C(=O)N2CC[C@@H](C2)N2CCCC2)C(F)=CN=C1,0.081685569
NC1=NN2C=C(F)C=NC2=C1C(=O)NC1=C(N2CCC(CC2)C(=O)N2CCC(CC2)N2CCCC2)C(F)=CN=C1,0.087306356
NC1=NN2C=C(F)C=NC2=C1C(=O)NC1=C(N2CCC(CC2)C(=O)N2CCC(CC2)N2CCCCC2)C(F)=CN=C1,0.087220589
C[C@H]1CN(CCN1)C(=O)C1CCN(CC1)C1=C(NC(=O)C2=C3N=CC(F)=CN3N=C2N)C=NC=C1F,0.084290186
NC1=NN2C=C(F)C=NC2=C1C(=O)NC1=C(N2CCC(CC2)C(=O)N2CCNC3CC23)C(F)=CN=C1,0.061988737
CC1(O)CN(C1)C(=O)C1CCN(CC1)C1=C(NC(=O)C2=C3N=CC(F)=CN3N=C2N)C=NC=C1F,0.102954354
NC1=NN2C=C(F)C=NC2=C1C(=O)NC1=C(N2CCC(CC2)C(=O)N2CCC(C2)N2CCCCC2)C(F)=CN=C1,0.076265633
CN1CCN(C2CC12)C(=O)C1CCN(CC1)C1=C(NC(=O)C2=C3N=CC(F)=CN3N=C2N)C=NC=C1F,0.072024523
NC1=NN2C=C(F)C=NC2=C1C(=O)NC1=C(N2CCC(CC2)C(=O)N2CCN3CCC2CC3)C(Cl)=CN=C1,0.067405743
NC1=NN2C=C(F)C=NC2=C1C(=O)NC1=C(N2CCC(CC2)C(=O)N2CC(F)C2)C(F)=CN=C1,0.165510479
NC1=NN2C=C(F)C=NC2=C1C(=O)NC1=C(N2CCC(CC2)C(=O)N2CCC(CC2)N2CCC2)C(F)=CN=C1,0.081933386
NC1=NN2C=C(F)C=NC2=C1C(=O)NC1=C(N2CCC(CC2)C(=O)N2CCN3CCC2C3)C(Cl)=CN=C1,0.069304158
NC1=NN2C=C(F)C=NC2=C1C(=O)NC1=C(N2CCC(CC2)C(=O)N2CCN3CC[C@H]2C3)C(F)=CN=C1,0.076760039
NC1=NN2C=C(F)C=NC2=C1C(=O)NC1=C(N2CCC(CC2)C(=O)N2CCN3CC[C@@H]2C3)C(F)=CN=C1,0.076592371
NC1=NN2C=C(F)C=NC2=C1C(=O)NC1=C(N2CCC(CC2)C(=O)N2CC(F)(F)C2)C(F)=CN=C1,0.132578206
COC1(C)CN(C1)C(=O)C1CCN(CC1)C1=C(NC(=O)C2=C3N=CC(F)=CN3N=C2N)C=NC=C1F,0.09737327
NC1=NN2C=C(F)C=NC2=C1C(=O)NC1=C(N2CCC(CC2)C(=O)N2CC(C2)C#N)C(F)=CN=C1,0.175271324
NC1=NN2C=C(F)C=NC2=C1C(=O)NC1=C(C=CN=C1)N1CCC(CC1)C(=O)N1CCC1,0.134580989
COC1CN(C1)C(=O)C1CCN(CC1)C1=C(NC(=O)C2=C3N=CC(F)=CN3N=C2N)C=NC=C1,0.167451962
COC1(C)CN(C1)C(=O)C1CCN(CC1)C1=C(NC(=O)C2=C3N=CC(F)=CN3N=C2N)C=NC=C1,0.122660064
NC1=NN2C=C(F)C=NC2=C1C(=O)NC1=C(C=CN=C1)N1CCC(CC1)C(=O)N1CC(F)(F)C1,0.152941283
NC1=NN2C=C(F)C=NC2=C1C(=O)NC1=C(C=CN=C1)N1CCC(CC1)C(=O)N1CC(C1)C#N,0.218038768
NC1=NN2C=C(F)C=NC2=C1C(=O)NC1=C(C=CN=C1)N1CCC(CC1)C(=O)N1CC(F)C1,0.166792039
NC1=NN2C=C(F)C=NC2=C1C(=O)NC1=C(C=CN=C1)N1CCC(CC1)C(=O)N1CCCC1,0.140416925
NC1=NN2C=C(F)C=NC2=C1C(=O)NC1=C(C=CN=C1)N1CCC(CC1)C(=O)N1CCC2(COC2)C1,0.121863864
NC1=NN2C=C(F)C=NC2=C1C(=O)NC1=C(C=CN=C1)N1CCC(CC1)C(=O)N1CCOCC1,0.097096335
CS(=O)(=O)C1CN(C1)C(=O)C1CCN(CC1)C1=C(NC(=O)C2=C3N=CC(F)=CN3N=C2N)C=NC=C1F,0.172623045
NC1=NN2C=C(Cl)C=NC2=C1C(=O)NC1=C(N2CCC(CC2)C(=O)N2CCN3CCC2CC3)C(F)=CN=C1,0.059486115
NC1=NN2C=C(F)C=NC2=C1C(=O)NC1=C(C=CN=C1)N1CCC(CC1)C(=O)N1CC2(COC2)C1,0.119338831
CS(=O)(=O)C1CN(C1)C(=O)C1CCN(CC1)C1=C(NC(=O)C2=C3N=CC(F)=CN3N=C2N)C=NC=C1,0.173586638
NC1=NN2C=C(F)C=NC2=C1C(=O)NC1=C(C=CN=C1)N1CCC(CC1)C(=O)N1CC2(CCO2)C1,0.113390608
CCOC1CN(C1)C(=O)C1CCN(CC1)C1=C(NC(=O)C2=C3N=CC(F)=CN3N=C2N)C=NC=C1,0.167497193
CC1(COC1)N1CCN(CC1)C(=O)C1CCN(CC1)C1=C(NC(=O)C2=C3N=CC(F)=CN3N=C2N)C=NC=C1F,0.092067245
CO[C@@H]1CCN(C1)C(=O)C1CCN(CC1)C1=C(NC(=O)C2=C3N=CC(F)=CN3N=C2N)C=NC=C1,0.134855703
CO[C@H]1CCN(C1)C(=O)C1CCN(CC1)C1=C(NC(=O)C2=C3N=CC(F)=CN3N=C2N)C=NC=C1,0.145832337
NC1=NN2C=C(F)C=NC2=C1C(=O)NC1=C(N2CCC(CC2)C(=O)N2CC[NH+]([O-])CC2)C(F)=CN=C1,0.069331542
CN1CC(C1)N1CCN(CC1)C(=O)C1CCN(CC1)C1=C(NC(=O)C2=C3N=CC(F)=CN3N=C2N)C=NC=C1F,0.086005713
COCC1CN(C1)C(=O)C1CCN(CC1)C1=C(NC(=O)C2=C3N=CC(F)=CN3N=C2N)C=NC=C1F,0.115287617
CO[C@H]1CCN(C1)C(=O)C1CCN(CC1)C1=C(NC(=O)C2=C3N=CC(F)=CN3N=C2N)C=NC=C1F,0.10746155
CN(C)CC(=O)N1CCN(CC1)C1=C(NC(=O)C2=C3N=CC(F)=CN3N=C2N)C=NC=C1F,0.125182804
CC1=NC=NN1C1=C(NC(=O)C2=C3N=CC(F)=CN3N=C2N)C=NC=C1F,0.252349081
CC(C)N1CCN2CCN(CC2C1=O)C1=C(NC(=O)C2=C3N=CC(F)=CN3N=C2N)C=NC=C1,0.104933013
NC1=NN2C=C(Cl)C=NC2=C1C(=O)NC1=C(O[C@H]2C[C@@]3(CCN3)C2)C=CN=C1,0.099032055
NC1=NN2C=C(F)C=NC2=C1C(=O)NC1=C(N2CCC(CC2)C(=O)N2CCNC3(CC3)C2)C(F)=CN=C1,0.077474957
CN1CCN2CCN(CC2C1)C1=C(NC(=O)C2=C3N=CC(F)=CN3N=C2N)C=NC=C1Cl,0.083299556
NC1=NN2C=C(Cl)C=NC2=C1C(=O)NC1=C(C=CN=C1)N1CCC(CC1)N1CC2(COC2)C1,0.075031403
NC1=NN2C=C(F)C=NC2=C1C(=O)NC1=C(N2CCN(CC2)C2COC2)C(Cl)=CN=C1,0.084880295
CN1CCN2CCN(CC2C1)C1=C(NC(=O)C2=C3N=CC(F)=CN3N=C2N)C=NC=C1F,0.099857361
