NC1=NN2C=C(F)C=NC2=C1C(=O)NC1=C(C=CN=C1)N1CCN(CC1)C1COC1,< 20 nM 
NC1CCN(CC1)C1=C(NC(=O)C2=C3N=CC(CC#N)=CN3N=C2N)C=NC=C1,Inactive
CN1CCN(CC1)C1=C(NC(=O)C2=C3N=CC(F)=CN3N=C2N)C=NC=C1,Inactive
CC(C)N1CCN(CC1)C1=C(NC(=O)C2=C3N=CC(F)=CN3N=C2N)C=NC=C1,Inactive
CN1CCN(CC1)C1=C(NC(=O)C2=C3N=CC(F)=CN3N=C2N)C=NC=C1C1CC1,Inactive
NC1=NN2C=C(F)C=NC2=C1C(=O)NC1=C(C=CN=C1)N1C=CN=C1,Inactive
CNCCC1=CN(N=C1)C1=C(NC(=O)C2=C3N=CC(F)=CN3N=C2N)C=NC=C1,Inactive
CN(C)CCC1=CN(N=C1)C1=C(NC(=O)C2=C3N=CC(F)=CN3N=C2N)C=NC=C1,Inactive
NC1=NN2C=C(F)C=NC2=C1C(=O)NC1=C(C=CN=C1)N1CCN(CC1)[C@@H]1CCOC1,Inactive
NC1=NN2C=C(F)C=NC2=C1C(=O)NC1=C(C=CN=C1)N1CCN(CC1)C1CCOCC1,Inactive
NC1=NN2C=C(F)C=NC2=C1C(=O)NC1=C(C=CN=C1)N1CCN(CC1)[C@H]1CCOC1,Inactive
NC1=NN2C=C(F)C=NC2=C1C(=O)NC1=C(N2CCN(CC2)C2COC2)C(F)=CN=C1,< 20 nM 
CN1CCN(CC1)C1=C(NC(=O)C2=C3N=CC(Cl)=CN3N=C2N)C=NC=C1F,Inactive
CN1CCN(CC1)C1=C(NC(=O)C2=C3N=CC(F)=CN3N=C2N)C=NC=C1F,Inactive
CC1=CN=CC(NC(=O)C2=C3N=CC(F)=CN3N=C2N)=C1N1CCN(CC1)C1COC1,Inactive
CCN1CCN(CC1)C1=C(NC(=O)C2=C3N=CC(F)=CN3N=C2N)C=NC=C1,Inactive
NC1=NN2C=C(F)C=NC2=C1C(=O)NC1=C(C=CN=C1)N1CCN2CCC1CC2,Inactive
NC1=NN2C=C(F)C=NC2=C1C(=O)NC1=C(C=CN=C1)N1CCN(CC1)C1CCOC1,Inactive
NC1=NN2C=C(F)C=NC2=C1C(=O)NC1=C(C=CN=C1)N1CCN(CC(F)(F)F)CC1,Inactive
NC1=NN2C=C(F)C=NC2=C1C(=O)NC1=C(C=CN=C1)N1CCN2CCC[C@H]2C1,Inactive
COCCN1CCN(CC1)C1=C(NC(=O)C2=C3N=CC(F)=CN3N=C2N)C=NC=C1,Inactive
C[C@@H]1CN(CCN1C1=C(NC(=O)C2=C3N=CC(F)=CN3N=C2N)C=NC=C1)C1COC1,Inactive
C[C@H]1CN(CCN1C1=C(NC(=O)C2=C3N=CC(F)=CN3N=C2N)C=NC=C1)C1COC1,Inactive
C[C@@H]1CN(CCN1C1=C(NC(=O)C2=C3N=CC(Cl)=CN3N=C2N)C=NC=C1)C1(C)COC1,Inactive
NC1=NN2C=C(F)C=NC2=C1C(=O)NC1=C(C=CN=C1)N1C=CC=N1,Inactive
NC1=NN2C=C(F)C=NC2=C1C(=O)NC1=C(C=CN=C1)N1C=NC(=C1)C(F)(F)F,Inactive
CC1=NC=CN1C1=C(NC(=O)C2=C3N=CC(F)=CN3N=C2N)C=NC=C1,Inactive
NC1=NN2C=C(Cl)C=NC2=C1C(=O)NC1=C(C=CN=C1)N1C=CN=C1,Inactive
CC1=NC(=CN1C1=C(NC(=O)C2=C3N=CC(F)=CN3N=C2N)C=NC=C1)C(F)(F)F,Inactive
NC1=NN2C=C(F)C=NC2=C1C(=O)NC1=C(C=CN=C1)N1CCN(C2CC12)C1COC1,Inactive
NC1=NN2C=C(F)C=NC2=C1C(=O)NC1=C(N2CCN(CC2)C2COC2)C(=CN=C1)C1CC1,Inactive
NC1=NN2C=C(F)C=NC2=C1C(=O)NC1=C(C=CN=C1)N1CCN(CC1)C1CC1,Inactive
CC(C)(C)N1CCN(CC1)C1=C(NC(=O)C2=C3N=CC(Cl)=CN3N=C2N)C=NC=C1,Inactive
CN(C)[C@H]1CCN(C[C@@H]1O)C1=C(NC(=O)C2=C3N=CC(Cl)=CN3N=C2N)C=NC=C1,Inactive
CN(C)CC1(O)CCN(CC1)C1=C(NC(=O)C2=C3N=CC(Cl)=CN3N=C2N)C=NC=C1,Inactive
CN(C)C1CCN(CC1)C1=C(NC(=O)C2=C3N=CC(Cl)=CN3N=C2N)C=NC=C1,Inactive
NC1=NN2C=C(F)C=NC2=C1C(=O)NC1=C(N2CCN3CCN(CC3C2)C2COC2)C(Cl)=CN=C1,Inactive
CC(C)N1CCN(CC1)C1=C(NC(=O)C2=C3N=CC(Cl)=CN3N=C2N)C=NC=C1,Inactive
CN(C)C1CCCN(C1)C1=C(NC(=O)C2=C3N=CC(Cl)=CN3N=C2N)C=NC=C1,Inactive
CN1CCN(CC1)C1=C(NC(=O)C2=C3N=CC(Cl)=CN3N=C2N)C=NC=C1Cl,Inactive
NC1=NN2C=C(Cl)C=NC2=C1C(=O)NC1=C(C=CN=C1)N1C2CCC1CC(O)C2,Inactive
CN1CCCN(CC1)C1=C(NC(=O)C2=C3N=CC(Cl)=CN3N=C2N)C=NC=C1,Inactive
NC1=NN2C=C(Cl)C=NC2=C1C(=O)NC1=C(C=CN=C1)N1CCN2C=CN=C2C1,Inactive
CN(C)CN1CCN(CC1)C1=C(NC(=O)C2=C3N=CC(Cl)=CN3N=C2N)C=NC=C1,Inactive
COC1(CN(C)C)CCN(CC1)C1=C(NC(=O)C2=C3N=CC(Cl)=CN3N=C2N)C=NC=C1,Inactive
COCC1CN(CCN1C)C1=C(NC(=O)C2=C3N=CC(Cl)=CN3N=C2N)C=NC=C1,Inactive
NC1=NN2C=C(Cl)C=NC2=C1C(=O)NC1=C(C=CN=C1)N1CCN(CC1)C1CCC1,Inactive
CN(C)CCN1CCN(CC1)C1=C(NC(=O)C2=C3N=CC(Cl)=CN3N=C2N)C=NC=C1,Inactive
CN1CCN(CC1)C1=C(NC(=O)C2=C3N=CC(Cl)=CN3N=C2N)C=NC(N)=C1,Inactive
CCN1CCN(CC1)C1=C(NC(=O)C2=C3N=CC(Cl)=CN3N=C2N)C=NC=C1,Inactive
CN1CCN(CC1)C1=C(NC(=O)C2=C3N=CC(Cl)=CN3N=C2N)C=NC(Cl)=C1,Inactive
CN1CCN(CC1(C)C)C1=C(NC(=O)C2=C3N=CC(Cl)=CN3N=C2N)C=NC=C1,Inactive
CC1CN(CCN1C)C1=C(NC(=O)C2=C3N=CC(Cl)=CN3N=C2N)C=NC=C1,Inactive
NC1CCCN(C1)C1=C(NC(=O)C2=C3N=CC(Cl)=CN3N=C2N)C=NC=C1,Inactive
NC1=NN2C=C(Cl)C=NC2=C1C(=O)NC1=C(C=CN=C1)N1CCN2CCC1CC2,Inactive
CN1CCN(CC1)C1=C(NC(=O)C2=C3N=CC(Cl)=CN3N=C2N)C=NC=C1C,Inactive
NC1=NN2C=C(Cl)C=NC2=C1C(=O)NC1=C(C=CN=C1)N1CCN(CC1)C1COC1,< 20 nM 
CN1CCN(CC1)C1=C(NC(=O)C2=C3N=CC(Cl)=CN3N=C2N)C=NC=C1,Inactive
COCCN1CCN(CC1)C1=C(NC(=O)C2=C3N=CC(Cl)=CN3N=C2N)C=NC=C1,Inactive
CN1CCN2CCN(CC2C1)C1=C(NC(=O)C2=C3N=CC(Cl)=CN3N=C2N)C=NC=C1,Inactive
CC1(COC1)N1CCN(CC1)C1=C(NC(=O)C2=C3N=CC(F)=CN3N=C2N)C=NC=C1,Inactive
CN1CCN(CC1CO)C1=C(NC(=O)C2=C3N=CC(Cl)=CN3N=C2N)C=NC=C1,Inactive
NC1=NN2C=C(Cl)C=NC2=C1C(=O)NC1=C(C=CN=C1)N1CCN(CC1)C1CC1,Inactive
NC1=NN2C=C(Cl)C=NC2=C1C(=O)NC1=C(C=CN=C1)N1CCN2CCC[C@@H]2C1,Inactive
CC1(O)CCN(CC1)C1=C(NC(=O)C2=C3N=CC(Cl)=CN3N=C2N)C=NC=C1,Inactive
NC1=NN2C=C(Cl)C=NC2=C1C(=O)NC1=C(C=CN=C1)N1CCN(CC(F)(F)F)CC1,Inactive
NC1=NN2C=C(Cl)C=NC2=C1C(=O)NC1=C(C=CN=C1)N1CCS(=O)CC1,Inactive
CC(C)(O)C1CCN(CC1)C1=C(NC(=O)C2=C3N=CC(Cl)=CN3N=C2N)C=NC=C1,Inactive
NC1=NN2C=C(Cl)C=NC2=C1C(=O)NC1=C(C=CN=C1)N1CCNC(C1)C(F)(F)F,Inactive
NC1=NN2C=C(Cl)C=NC2=C1C(=O)NC1=C(C=CN=C1)N1CCN2CCC[C@H]2C1,Inactive
CC1CN(C)CCN1C1=C(NC(=O)C2=C3N=CC(Cl)=CN3N=C2N)C=NC=C1,Inactive
COC1CCN(CC1)C1=C(NC(=O)C2=C3N=CC(Cl)=CN3N=C2N)C=NC=C1,Inactive
COC(=O)C1CCN(CC1)C1=C(NC(=O)C2=C3N=CC(Cl)=CN3N=C2N)C=NC=C1,Inactive
NC1=NN2C=C(Cl)C=NC2=C1C(=O)NC1=C(C=CN=C1)N1CCN2C=NC=C2C1,Inactive
CN1CCN(CC1)C1=C(NC(=O)C2=C3N=CC(=CN3N=C2N)C(C)(C)C#N)C=NC=C1,Inactive
NC1=NN2C=C(CC#N)C=NC2=C1C(=O)NC1=C(C=CN=C1)N1CCCC1,Inactive
CC(C#N)C1=CN2N=C(N)C(C(=O)NC3=C(C=CN=C3)N3CCN(C)CC3)=C2N=C1,Inactive
NC1=NN2C=C(CC#N)C=NC2=C1C(=O)NC1=C(C=CN=C1)N1CCCCCC1,Inactive
CN1CCN(CC1)C1=C(NC(=O)C2=C3N=CC(CC#N)=CN3N=C2N)C=NC=C1F,Inactive
NC1=NN2C=C(CC#N)C=NC2=C1C(=O)NC1=C(C=CN=C1)N1CCOCC1,Inactive
CN1CCN(CC1)C1=C(NC(=O)C2=C3N=CC(CC#N)=CN3N=C2N)C=NC=C1,Inactive
NC1=NN2C=C(CC#N)C=NC2=C1C(=O)NC1=C(C=CN=C1)N1CCC(O)CC1,Inactive
NC1=NN2C=C(CC#N)C=NC2=C1C(=O)NC1=C(C=CN=C1)N1CCCCC1,Inactive
CN1CCN(CC1)C1=C(NC(=O)C2=C3N=CC(F)=CN3N=C2N)C=NC=C1Cl,Inactive
NC1CCN(CC1)C1=C(NC(=O)C2=C3N=CC(Cl)=CN3N=C2N)C=NC=C1,Inactive
CNC1CCN(CC1)C1=C(NC(=O)C2=C3N=CC(Cl)=CN3N=C2N)C=NC=C1,Inactive
NC1=NN2C=C(Cl)C=NC2=C1C(=O)NC1=C(C=CN=C1)N1CCNCC1,Inactive
NC1=NN2C=C(CC#N)C=NC2=C1C(=O)NC1=C(C=CN=C1)N1CCNCC1,Inactive
NCC1CN(CCO1)C1=C(NC(=O)C2=C3N=CC(CC#N)=CN3N=C2N)C=NC=C1,Inactive
NCC1CCN(CC1)C1=C(NC(=O)C2=C3N=CC(Cl)=CN3N=C2N)C=NC=C1,Inactive
NC1=NN2C=C(F)C=NC2=C1C(=O)NC1=C(C=CN=C1)N1CCC(CC1)C(O)=O,Inactive
NC1=NN2C=C(Cl)C=NC2=C1C(=O)NC1=C(C=CN=C1)N1CCC(CC1)N1CCC1,Inactive
CN(C)C1CN(C1)C1CCN(CC1)C1=C(NC(=O)C2=C3N=CC(Cl)=CN3N=C2N)C=NC=C1,Inactive
COC1CCN(C1)C1CCN(CC1)C1=C(NC(=O)C2=C3N=CC(Cl)=CN3N=C2N)C=NC=C1,Inactive
CN1CCN(CC1)C1CCN(CC1)C1=C(NC(=O)C2=C3N=CC(Cl)=CN3N=C2N)C=NC=C1,Inactive
NC1=NN2C=C(Cl)C=NC2=C1C(=O)NC1=C(C=CN=C1)N1CCC(CC1)N1CC[C@@H](F)C1,Inactive
NC1=NN2C=C(Cl)C=NC2=C1C(=O)NC1=C(C=CN=C1)N1CCC(CC1)N1CCC2(COC2)C1,Inactive
NC1=NN2C=C(Cl)C=NC2=C1C(=O)NC1=C(C=CN=C1)N1CCC(CC1)N1CCS(=O)CC1,Inactive
NC1=NN2C=C(Cl)C=NC2=C1C(=O)NC1=C(C=CN=C1)N1CCC(CC1)N1CCN2C=NC=C2C1,Inactive
NC1=NN2C=C(Cl)C=NC2=C1C(=O)NC1=C(C=CN=C1)N1CCC(CC1)N1CCN2C=CN=C2C1,Inactive
NC1=NN2C=C(Cl)C=NC2=C1C(=O)NC1=C(C=CN=C1)N1CCC(CC1)N1CC[C@H](F)C1,Inactive
NC1=NN2C=C(Cl)C=NC2=C1C(=O)NC1=C(C=CN=C1)N1CCC(CC1)N1CCOCC1,Inactive
NC1=NN2C=C(Cl)C=NC2=C1C(=O)NC1=C(C=CN=C1)N1CCC(CC1)N1CCCC1,Inactive
CN(C)C1CCN(C1)C1CCN(CC1)C1=C(NC(=O)C2=C3N=CC(Cl)=CN3N=C2N)C=NC=C1,Inactive
COC1CN(C1)C1CCN(CC1)C1=C(NC(=O)C2=C3N=CC(Cl)=CN3N=C2N)C=NC=C1,Inactive
NC1=NN2C=C(Cl)C=NC2=C1C(=O)NC1=C(C=CN=C1)N1CCC(CC1)N1CC(F)(F)C1,Inactive
NC1=NN2C=C(Cl)C=NC2=C1C(=O)NC1=C(C=CN=C1)N1CCC(CC1)N1CCC11COC1,Inactive
CN1CCN(CC1)C1=C(NC(=O)C2=C3N=CC(F)=CN3N=C2N)C=NC=C1C(F)F,Inactive
CN1CCN(CC1)C1=C(NC(=O)C2=C3N=CC(F)=CN3N=C2N)C=NC=C1C#N,Inactive
NC1=NN2C=C(F)C=NC2=C1C(=O)NC1=C(C=CN=C1)N1CCN2CCOCC2C1,Inactive
NC1=NN2C=C(F)C=NC2=C1C(=O)NC1=C(C=CN=C1)N1CCN2CCOC[C@H]2C1,Inactive
NC1=NN2C=C(Cl)C=NC2=C1C(=O)NC1=C(N2CCN(CC2)C2COC2)C(F)=CN=C1,Inactive
NC1=NN2C=C(F)C=NC2=C1C(=O)NC1=C(N2CCNCC2)C(F)=CN=C1,< 20 nM 
NC1=NN2C=C(F)C=NC2=C1C(=O)NC1=C(N2CCN(CC2)[C@@H]2CCOC2)C(=CN=C1)C1CC1,Inactive
NC1=NN2C=C(F)C=NC2=C1C(=O)NC1=C(N2CCN(CC2)[C@H]2CCOC2)C(=CN=C1)C1CC1,Inactive
NC1=NN2C=C(F)C=NC2=C1C(=O)NC1=C(N2CCN(CC2)C2CCOCC2)C(F)=CN=C1,Inactive
NC1=NN2C=C(F)C=NC2=C1C(=O)NC1=C(N2CCN(CC2)C2CCOC2)C(F)=CN=C1,Inactive
CC1=CN=CC(NC(=O)C2=C3N=CC(F)=CN3N=C2N)=C1N1CCN(CC1)C1CCOCC1,Inactive
NC1=NN2C=C(F)C=NC2=C1C(=O)NC1=C(N2CCN(CC2)C2CCOC2)C(Cl)=CN=C1,Inactive
NC1=NN2C=C(F)C=NC2=C1C(=O)NC1=C(N2CCN(CC2)[C@H]2CCOC2)C(F)=CN=C1,Inactive
NC1=NN2C=C(F)C=NC2=C1C(=O)NC1=C(N2CCNCC2)C(Cl)=CN=C1,Inactive
COCCN1CCN(CC1)C1=C(NC(=O)C2=C3N=CC(F)=CN3N=C2N)C=NC=C1F,Inactive
CN1CCC(CC1)C(=O)N1CCN(CC1)C1=C(NC(=O)C2=C3N=CC(F)=CN3N=C2N)C=NC=C1F,Inactive
CNC1=CC(N2CCN(C)CC2)=C(NC(=O)C2=C3N=CC(F)=CN3N=C2N)C=N1,Inactive
NC1=NN2C=C(F)C=NC2=C1C(=O)NC1=C(N2CCN(CC2)C(=O)C2CN3CCC2CC3)C(F)=CN=C1,Inactive
CN1CC[C@H](C1)OC1CCN(CC1)C1=C(NC(=O)C2=C3N=CC(F)=CN3N=C2N)C=NC=C1,Inactive
CN1CC[C@H](C1)OC1CCN(CC1)C1=C(NC(=O)C2=C3N=CC(F)=CN3N=C2N)C=NC=C1F,Inactive
CN1CCN(CC11CCOCC1)C1=C(NC(=O)C2=C3N=CC(F)=CN3N=C2N)C=NC=C1,Inactive
NC1=NN2C=C(F)C=NC2=C1C(=O)NC1=C(N2CCN(CC2)C(=O)C23CCN(CC2)CC3)C(F)=CN=C1,Inactive
NC1=NN2C=C(F)C=NC2=C1C(=O)NC1=C(N2CCN3CCOC[C@H]3C2)C(F)=CN=C1,Inactive
NC1=NN2C=C(F)C=NC2=C1C(=O)NC1=C(C=CN=C1)N1CCN2C(COCC2=O)C1,Inactive
NC1=NN2C=C(F)C=NC2=C1C(=O)NC1=C(N2CCN3CCOC[C@@H]3C2)C(F)=CN=C1,Inactive
CN1CCN(CC1)C1=C(NC(=O)C2=C3N=CC(=CN3N=C2N)C(C)(C)C#N)C=NC=C1F,Inactive
CC(C)(O)CN1CCN(CC1)C1=C(NC(=O)C2=C3N=CC(F)=CN3N=C2N)C=NC=C1F,Inactive
CN1CCN(CC1)C(=O)N1CCN(CC1)C1=C(NC(=O)C2=C3N=CC(F)=CN3N=C2N)C=NC=C1F,Inactive
NC1=NN2C=C(F)C=NC2=C1C(=O)NC1=C(C=CN=C1)N1CCOCC1,Inactive
CC(C)(C#N)C1=CN2N=C(N)C(C(=O)NC3=C(C=CN=C3)N3CCN(CC3)C3COC3)=C2N=C1,Inactive
CC(C#N)C1=CN2N=C(N)C(C(=O)NC3=C(C=CN=C3)N3CCN(CC3)C3COC3)=C2N=C1,Inactive
CC(C)(C#N)C1=CN2N=C(N)C(C(=O)NC3=C(N4CCN(CC4)C4COC4)C(F)=CN=C3)=C2N=C1,Inactive
CC(C#N)C1=CN2N=C(N)C(C(=O)NC3=C(N4CCC(CC4)C4COC4)C(F)=CN=C3)=C2N=C1,Inactive
CN(C)S(=O)(=O)C1CCN(CC1)C1=C(NC(=O)C2=C3N=CC(F)=CN3N=C2N)C=NC=C1F,Inactive
NC1=NN2C=C(F)C=NC2=C1C(=O)NC1=C(N2CCC(CC2)N2CCCC2=O)C(F)=CN=C1,Inactive
CN(C1CCN(C)CC1)S(=O)(=O)C1CCN(CC1)C1=C(NC(=O)C2=C3N=CC(F)=CN3N=C2N)C=NC=C1F,Inactive
NC1=NN2C=C(F)C=NC2=C1C(=O)NC1=C(N2CCC(CN3CCOCC3)CC2)C(F)=CN=C1,Inactive
CN1CCN(CC2CCN(CC2)C2=C(NC(=O)C3=C4N=CC(F)=CN4N=C3N)C=NC=C2F)CC1,Inactive
CN1CCN(C2CCN(CC2)C2=C(NC(=O)C3=C4N=CC(F)=CN4N=C3N)C=NC=C2F)C(=O)C1,Inactive
NC1=NN2C=C(F)C=NC2=C1C(=O)NC1=C(C=CN=C1)N1CCCCC1,Inactive
CN1CCC(CC1)OC1CCN(CC1)C1=C(NC(=O)C2=C3N=CC(F)=CN3N=C2N)C=NC=C1,Inactive
NC1=NN2C=C(F)C=NC2=C1C(=O)NC1=C(N2CCC(CC2)S(=O)(=O)N2CCOCC2)C(F)=CN=C1,Inactive
CN1CCC(C1)C(=O)N1CCN(CC1)C1=C(NC(=O)C2=C3N=CC(F)=CN3N=C2N)C=NC=C1F,Inactive
CN1CCC[C@H]1C(=O)N1CCN(CC1)C1=C(NC(=O)C2=C3N=CC(F)=CN3N=C2N)C=NC=C1F,Inactive
NC1=NN2C=C(F)C=NC2=C1C(=O)NC1=C(N2CCN(CC2)S(=O)(=O)C2CCOCC2)C(F)=CN=C1,Inactive
NC1=NN2C=C(F)C=NC2=C1C(=O)NC1=C(N2CCN(CC2)S(=O)(=O)C2CC2)C(F)=CN=C1,Inactive
NC1=NN2C=C(F)C=NC2=C1C(=O)NC1=C(N2CCN(CC2)C(=O)CN2CCC2)C(F)=CN=C1,Inactive
CC1=NN(C=N1)C1=C(NC(=O)C2=C3N=CC(F)=CN3N=C2N)C=NC=C1,Inactive
CC1=NC=NN1C1=C(NC(=O)C2=C3N=CC(F)=CN3N=C2N)C=NC=C1,Inactive
NC1=NN2C=C(F)C=NC2=C1C(=O)NC1=C(N2CCN3C(CCC3=O)C2)C(F)=CN=C1,Inactive
CN1CC(C1)OC1CCN(CC1)C1=C(NC(=O)C2=C3N=CC(F)=CN3N=C2N)C=NC=C1,Inactive
CS(=O)(=O)C1CCN(CC1)C1=C(NC(=O)C2=C3N=CC(F)=CN3N=C2N)C=NC=C1F,Inactive
CN1CCN(CC1)S(=O)(=O)C1CCN(CC1)C1=C(NC(=O)C2=C3N=CC(F)=CN3N=C2N)C=NC=C1F,< 20 nM 
NC1=NN2C=C(F)C=NC2=C1C(=O)NC1=C(N2CCC(CC2)OCCN2CCCC2)C(F)=CN=C1,Inactive
NC1=NN2C=C(F)C=NC2=C1C(=O)NC1=C(N2CCN(CC2)C(=O)C2CNC2)C(F)=CN=C1,Inactive
NC1=NN2C=C(F)C=NC2=C1C(=O)NC1=C(N2CCC(CC2)S(=O)(=O)N2CCC2)C(F)=CN=C1,Inactive
NC1=NN2C=C(F)C=NC2=C1C(=O)NC1=C(C=CN=C1)N1CCC(CC1)S(=O)(=O)N1CCOCC1,Inactive
CN1CCN(CC2CCN(CC2)C2=C(NC(=O)C3=C4N=CC(F)=CN4N=C3N)C=NC=C2F)CC1=O,Inactive
NC1=NN2C=C(F)C=NC2=C1C(=O)NC1=C(N2CCN(CC2)C(=O)C2CNCCO2)C(F)=CN=C1,Inactive
CN1CCCCC1C(=O)N1CCN(CC1)C1=C(NC(=O)C2=C3N=CC(F)=CN3N=C2N)C=NC=C1F,Inactive
CN1CCOC(C1)C(=O)N1CCN(CC1)C1=C(NC(=O)C2=C3N=CC(F)=CN3N=C2N)C=NC=C1F,Inactive
CN1CCC(CC1)S(=O)(=O)N1CCN(CC1)C1=C(NC(=O)C2=C3N=CC(F)=CN3N=C2N)C=NC=C1F,Inactive
NC1=NN2C=C(F)C=NC2=C1C(=O)NC1=C(C=CN=C1)N1CCN(CC1)S(=O)(=O)C1CC1,Inactive
NC1=NN2C=C(F)C=NC2=C1C(=O)NC1=C(C=CN=C1)N1CCN(CC1)S(=O)(=O)C1CCOCC1,Inactive
CS(=O)(=O)N1CCN(CC1)C1=C(NC(=O)C2=C3N=CC(F)=CN3N=C2N)C=NC=C1,Inactive
NC1=NN2C=C(F)C=NC2=C1C(=O)NC1=C(C=CN=C1)N1CCN(CC1)S(=O)(=O)C1CCOC1,Inactive
NC1=NN2C=C(C=NC2=C1C(=O)NC1=C(N2CCN(CC2)C2COC2)C(F)=CN=C1)C1(CC1)C#N,Inactive
CN1CCC[C@@H]1C(=O)N1CCN(CC1)C1=C(NC(=O)C2=C3N=CC(F)=CN3N=C2N)C=NC=C1F,Inactive
NC1=NN2C=C(F)C=NC2=C1C(=O)NC1=C(N2CCN3[C@H](CCC3=O)C2)C(F)=CN=C1,< 20 nM 
CN1CCOC2(CCN(CC2)C2=C(NC(=O)C3=C4N=CC(F)=CN4N=C3N)C=NC=C2)C1,Inactive
NC1=NN2C=C(F)C=NC2=C1C(=O)NC1=C(N2CCC(CC2)C2=NC=CS2)C(F)=CN=C1,Inactive
CCN1CCCC1C(=O)N1CCN(CC1)C1=C(NC(=O)C2=C3N=CC(F)=CN3N=C2N)C=NC=C1F,Inactive
NC1=NN2C=C(F)C=NC2=C1C(=O)NC1=C(N2CCN(CC2)C(=O)CN2CCCC2)C(F)=CN=C1,Inactive
CN1CCC(CC1)S(=O)(=O)N1CCN(CC1)C1=C(NC(=O)C2=C3N=CC(F)=CN3N=C2N)C=NC=C1,Inactive
NC1=NN2C=C(F)C=NC2=C1C(=O)NC1=C(N2CCC(CC2)N2CCOCC2)C(F)=CN=C1,Inactive
CS(=O)(=O)C1CCN(CC1)C1=C(NC(=O)C2=C3N=CC(F)=CN3N=C2N)C=NC=C1,Inactive
CN1CCN(CC1)C(=O)C1CCN(C1)C1=C(NC(=O)C2=C3N=CC(F)=CN3N=C2N)C=NC=C1F,Inactive
CN1CCN(CC2CCN(CC2)C2=C(NC(=O)C3=C4N=CC(=CN4N=C3N)C3(CC3)C#N)C=NC=C2F)CC1,Inactive
CN1CCN(CC2CCN(CC2)C2=C(NC(=O)C3=C4N=CC(F)=CN4N=C3N)C=NC=C2F)C(=O)C1,Inactive
CN1CC(C1)C(=O)N1CCN(CC1)C1=C(NC(=O)C2=C3N=CC(F)=CN3N=C2N)C=NC=C1F,Inactive
NC1=NN2C=C(F)C=NC2=C1C(=O)NC1=C(C=CN=C1)N1CCN(CC1)S(=O)(=O)C1COC1,Inactive
NC1=NN2C=C(F)C=NC2=C1C(=O)NC1=C(C=CN=C1)N1CCN(CC1)S(=O)(=O)N1CCN2CCC1CC2,Inactive
NC1=NN2C=C(F)C=NC2=C1C(=O)NC1=C(C=CN=C1)N1CCC(CN2CCC(F)(F)C2)CC1,Inactive
CN1CCC[C@H]1C(=O)N1CCN(CC1)C1=C(NC(=O)C2=C3N=CC(F)=CN3N=C2N)C=NC=C1,Inactive
CN1CCC[C@@H]1C(=O)N1CCN(CC1)C1=C(NC(=O)C2=C3N=CC(F)=CN3N=C2N)C=NC=C1,Inactive
NC1=NN2C=C(F)C=NC2=C1C(=O)NC1=C(C=CN=C1)N1CCC(CC1)S(=O)(=O)N1CCC1,Inactive
NC1=NN2C=C(F)C=NC2=C1C(=O)NC1=C(N2CCN(CC2)S(=O)(=O)C2COC2)C(F)=CN=C1,Inactive
NC1=NN2C=C(F)C=NC2=C1C(=O)NC1=C(C=CN=C1)N1C=CN=C1C1CC1,Inactive
NC1=NN2C=C(F)C=NC2=C1C(=O)NC1=C(N2CCN(CC2)C(=O)C2CC3CCCCN3C2)C(F)=CN=C1,Inactive
CCN1CCCCC1C(=O)N1CCN(CC1)C1=C(NC(=O)C2=C3N=CC(F)=CN3N=C2N)C=NC=C1F,Inactive
CC(C)N1CCCC1C(=O)N1CCN(CC1)C1=C(NC(=O)C2=C3N=CC(F)=CN3N=C2N)C=NC=C1F,Inactive
CC(C)N1CCC(C1)C(=O)N1CCN(CC1)C1=C(NC(=O)C2=C3N=CC(F)=CN3N=C2N)C=NC=C1F,Inactive
CCN1CCC(C1)C(=O)N1CCN(CC1)C1=C(NC(=O)C2=C3N=CC(F)=CN3N=C2N)C=NC=C1F,Inactive
COCCS(=O)(=O)C1CCN(CC1)C1=C(NC(=O)C2=C3N=CC(F)=CN3N=C2N)C=NC=C1,Inactive
CN1CCN(CC1=O)C1=C(NC(=O)C2=C3N=CC(F)=CN3N=C2N)C=NC=C1,Inactive
NC1=NN2C=C(F)C=NC2=C1C(=O)NC1=C(C=CN=C1)N1CCS(=O)(=O)CC1,Inactive
NC1=NN2C=C(F)C=NC2=C1C(=O)NC1=C(N2CCN(CC2)C(=O)C2CCN(CC2)C2COC2)C(F)=CN=C1,Inactive
CN1CCN(CC1=O)C1=C(NC(=O)C2=C3N=CC(F)=CN3N=C2N)C=NC=C1F,Inactive
NC1=NN2C=C(F)C=NC2=C1C(=O)NC1=C(N2CCC(CN3CCCC3=O)CC2)C(F)=CN=C1,Inactive
CS(=O)(=O)CC1CCN(CC1)C1=C(NC(=O)C2=C3N=CC(F)=CN3N=C2N)C=NC=C1,Inactive
CN1CC2(CCN(CC2)C2=C(NC(=O)C3=C4N=CC(F)=CN4N=C3N)C=NC=C2)OC1=O,Inactive
NC1=NN2C=C(F)C=NC2=C1C(=O)NC1=C(C=CN=C1)N1CCN2[C@@H](CCC2=O)C1,Inactive
CC1=NN(C(C)=N1)C1=C(NC(=O)C2=C3N=CC(F)=CN3N=C2N)C=NC=C1,Inactive
NC1=NN2C=C(F)C=NC2=C1C(=O)NC1=C(C=CN=C1)N1C=CN=C1C(F)(F)F,Inactive
CC1(C)CCCN1C1=C(NC(=O)C2=C3N=CC(F)=CN3N=C2N)C=NC=C1,Inactive
CS(=O)(=O)C1CCCN(C1)C1=C(NC(=O)C2=C3N=CC(F)=CN3N=C2N)C=NC=C1,Inactive
NC1=NN2C=C(F)C=NC2=C1C(=O)NC1=C(C=CN=C1)N1CC2CCCN2C(=O)C1,Inactive
CC1=CC=NN1C1=C(NC(=O)C2=C3N=CC(F)=CN3N=C2N)C=NC=C1,Inactive
CN1C[C@@H]2CCN(C[C@@H]2C1=O)C1=C(NC(=O)C2=C3N=CC(F)=CN3N=C2N)C=NC=C1,Inactive
CC1=NN(C=C1)C1=C(NC(=O)C2=C3N=CC(F)=CN3N=C2N)C=NC=C1,Inactive
NC1=NN2C=C(F)C=NC2=C1C(=O)NC1=C(C=CN=C1)N1CCC2(COC2)CC1,Inactive
CN1CCOCC1C(=O)N1CCN(CC1)C1=C(NC(=O)C2=C3N=CC(F)=CN3N=C2N)C=NC=C1F,Inactive
NC1=NN2C=C(F)C=NC2=C1C(=O)NC1=C(N2CCN(CC(=O)N3CCC3)CC2)C(F)=CN=C1,Inactive
CN1CC2(CCN(CC2)C2=C(NC(=O)C3=C4N=CC(F)=CN4N=C3N)C=NC=C2F)OC1=O,Inactive
NC1=NN2C=C(F)C=NC2=C1C(=O)NC1=C(C=CN=C1)N1CCC(CC1)N1CCCC1=O,Inactive
CN1CC2(CCN(CC2)C2=C(NC(=O)C3=C4N=CC(F)=CN4N=C3N)C=NC=C2)CCC1=O,Inactive
NC1=NN2C=C(F)C=NC2=C1C(=O)NC1=C(N2CC3CCCN3C(=O)C2)C(F)=CN=C1,Inactive
CN1CCN2CCN(CC2C1=O)C1=C(NC(=O)C2=C3N=CC(F)=CN3N=C2N)C=NC=C1,Inactive
CN(C)C(=O)C1CN(CCO1)C1=C(NC(=O)C2=C3N=CC(F)=CN3N=C2N)C=NC=C1,Inactive
CN1C(=O)CCC11CCN(CC1)C1=C(NC(=O)C2=C3N=CC(F)=CN3N=C2N)C=NC=C1,Inactive
CN1CC2(CC1=O)CCN(CC2)C1=C(NC(=O)C2=C3N=CC(F)=CN3N=C2N)C=NC=C1,Inactive
CC1=CC=NN1C1=C(NC(=O)C2=C3N=CC(F)=CN3N=C2N)C=NC=C1C,Inactive
NC1=NN2C=C(F)C=NC2=C1C(=O)NC1=C(C=CN=C1)N1CCN2C(COC2=O)C1,Inactive
NC1=NN2C=C(F)C=NC2=C1C(=O)NC1=C(N2CCC3(COC3)CC2)C(F)=CN=C1,Inactive
CN1CCN2CCN(CC2C1=O)C1=C(NC(=O)C2=C3N=CC(F)=CN3N=C2N)C=NC=C1F,Inactive
NC1=NN2C=C(F)C=NC2=C1C(=O)NC1=C(C=CN=C1)N1CCC(CC1)C1=NOC=N1,Inactive
CC1(CCN(CC1)C1=C(NC(=O)C2=C3N=CC(F)=CN3N=C2N)C=NC=C1)S(C)(=O)=O,Inactive
NC1=NN2C=C(F)C=NC2=C1C(=O)NC1=C(C=CN=C1)N1CCN2C(CCCC2=O)C1,Inactive
NC1=NN2C=C(F)C=NC2=C1C(=O)NC1=C(N2CCCC2)C(F)=CN=C1,Inactive
NC1=NN2C=C(F)C=NC2=C1C(=O)NC1=C(C=CN=C1)N1CCN2[C@@H](CCS2(=O)=O)C1,Inactive
NC1=NN2C=C(F)C=NC2=C1C(=O)NC1=C(N2CCN3[C@H](COC3=O)C2)C(F)=CN=C1,Inactive
NC1=NN2C=C(F)C=NC2=C1C(=O)NC1=C(C=CN=C1)N1CCN(CC1)C(=O)C1COC1,Inactive
NC1=NN2C=C(F)C=NC2=C1C(=O)NC1=C(N2CCS(=O)(=O)CC2)C(F)=CN=C1,Inactive
CC(=O)N1CC2(C1)CCN(CC2)C1=C(NC(=O)C2=C3N=CC(F)=CN3N=C2N)C=NC=C1,Inactive
CC1(C)CN(CCS1(=O)=O)C1=C(NC(=O)C2=C3N=CC(F)=CN3N=C2N)C=NC=C1,Inactive
NC1=NN2C=C(F)C=NC2=C1C(=O)NC1=C(C=CN=C1)N1CCCC2(COC2)C1,Inactive
CC(=O)N1CCN(CC1)C1=C(NC(=O)C2=C3N=CC(F)=CN3N=C2N)C=NC=C1,Inactive
NC1=NN2C=C(F)C=NC2=C1C(=O)NC1=C(C=CN=C1)N1CCC2(CCNC2)CC1,Inactive
CC1=NN=C(O1)N1CCN(CC1)C1=C(NC(=O)C2=C3N=CC(F)=CN3N=C2N)C=NC=C1,Inactive
CC(=O)N1CCC2(C1)CCN(CC2)C1=C(NC(=O)C2=C3N=CC(F)=CN3N=C2N)C=NC=C1,Inactive
NC1=NN2C=C(F)C=NC2=C1C(=O)NC1=C(C=CN=C1)N1CCN2[C@H](CCC2=O)C1,Inactive
CN1C=CC2=CN=CC(NC(=O)C3=C4N=CC(F)=CN4N=C3N)=C12,Inactive
CC1=NON=C1N1CCN(CC1)C1=C(NC(=O)C2=C3N=CC(F)=CN3N=C2N)C=NC=C1,Inactive
COC(=O)N1CCN(CC1)C1=C(NC(=O)C2=C3N=CC(F)=CN3N=C2N)C=NC=C1F,Inactive
CC(=O)N1CCCC11CCN(CC1)C1=C(NC(=O)C2=C3N=CC(F)=CN3N=C2N)C=NC=C1,Inactive
CC1=NN=CN1C1=C(NC(=O)C2=C3N=CC(F)=CN3N=C2N)C=NC=C1,Inactive
NC1=NN2C=C(F)C=NC2=C1C(=O)NC1=C(C=CN=C1)N1CCCCCC1,Inactive
CC1=NN=C(O1)C1CCN(CC1)C1=C(NC(=O)C2=C3N=CC(F)=CN3N=C2N)C=NC=C1,Inactive
COC1CCN(CC1)C1=C(NC(=O)C2=C3N=CC(F)=CN3N=C2N)C=NC=C1,Inactive
CN(C)CC1CCN(CC1)C1=C(NC(=O)C2=C3N=CC(F)=CN3N=C2N)C=NC=C1,Inactive
NC1=NN2C=C(F)C=NC2=C1C(=O)NC1=C(C=CN=C1)N1CCC(CC1)C1=NN=CO1,Inactive
CC1=C(C)N(C=N1)C1=C(NC(=O)C2=C3N=CC(F)=CN3N=C2N)C=NC=C1,Inactive
NC1=NN2C=C(F)C=NC2=C1C(=O)NC1=C(N2CCCCC2)C(F)=CN=C1,Inactive
CN1CCOC2(CCN(CC2)C2=C(NC(=O)C3=C4N=CC(F)=CN4N=C3N)C=NC=C2F)C1,Inactive
NC1=NN2C=C(F)C=NC2=C1C(=O)NC1=C(N2CCC(CC2)S(=O)(=O)N2CCN3CCC2CC3)C(F)=CN=C1,Inactive
NC1=NN2C=C(F)C=NC2=C1C(=O)NC1=C(N2CCN(CC2)C(=O)C2CCOC2)C(F)=CN=C1,Inactive
CC(=O)N1CCN(CC1)C1=C(NC(=O)C2=C3N=CC(F)=CN3N=C2N)C=NC=C1F,< 20 nM 
NC1=NN2C=C(F)C=NC2=C1C(=O)NC1=C(N2CCN(CC2)C(=O)C2CC2)C(F)=CN=C1,Inactive
NC1=NN2C=C(F)C=NC2=C1C(=O)NC1=C(N2CCN3C(CCCC3=O)C2)C(F)=CN=C1,Inactive
NC1=NN2C=C(F)C=NC2=C1C(=O)NC1=C(N2CCN(CC2)C(=O)C2COC2)C(F)=CN=C1,Inactive
NC1=NN2C=C(F)C=NC2=C1C(=O)NC1=C(N2CCN3[C@@H](CCCC3=O)C2)C(F)=CN=C1,Inactive
NC1=NN2C=C(F)C=NC2=C1C(=O)NC1=C(N2CCN3[C@H](CCCC3=O)C2)C(F)=CN=C1,Inactive
NC1=NN2C=C(F)C=NC2=C1C(=O)NC1=C(N2CCCC2)C(Cl)=CN=C1,Inactive
COCC1CCN(CC1)C1=C(NC(=O)C2=C3N=CC(F)=CN3N=C2N)C=NC=C1,Inactive
CC1=CN=CN1C1=C(NC(=O)C2=C3N=CC(F)=CN3N=C2N)C=NC=C1,Inactive
NC1=NN2C=C(F)C=NC2=C1C(=O)NC1=C(N2CCC(O)C2)C(Cl)=CN=C1,Inactive
NC1=NN2C=C(F)C=NC2=C1C(=O)NC1=C(N2CC[C@H](C2)C#N)C(Cl)=CN=C1,Inactive
CN1CC2CN(CC2C1)C1=C(NC(=O)C2=C3N=CC(F)=CN3N=C2N)C=NC=C1Cl,Inactive
CS(=O)(=O)C1CCN(C1)C1=C(NC(=O)C2=C3N=CC(F)=CN3N=C2N)C=NC=C1Cl,Inactive
NC1=NN2C=C(F)C=NC2=C1C(=O)NC1=C(N2CCC(CC2)N2C=CN=C2)C(F)=CN=C1,Inactive
CN1CCN(CC1)C(=O)C1CCCN(C1)C1=C(NC(=O)C2=C3N=CC(F)=CN3N=C2N)C=NC=C1F,Inactive
CN(C)C(=O)C1CCCN(C1)C1=C(NC(=O)C2=C3N=CC(F)=CN3N=C2N)C=NC=C1,Inactive
CN1CC[C@@H](C1)OC1=C(NC(=O)C2=C3N=CC(F)=CN3N=C2N)C=NC=C1,Inactive
NC1=NN2C=C(CC#N)C=NC2=C1C(=O)NC1=C(OC2CCCNC2)C=CN=C1,Inactive
CN(C)CC1=NC=C(OC2=C(NC(=O)C3=C4N=CC(F)=CN4N=C3N)C=NC=C2)C=C1,Inactive
COC1=C(NC(=O)C2=C3N=CC(F)=CN3N=C2N)C=NC=C1,Inactive
NC1=NN2C=C(F)C=NC2=C1C(=O)NC1=C(O[C@H]2CN3CCC2CC3)C=CN=C1,Inactive
NC1=NN2C=C(F)C=NC2=C1C(=O)NC1=C(OC2CN3CCC2CC3)C=CN=C1,Inactive
NC1=NN2C=C(F)C=NC2=C1C(=O)NC1=C(OC2=CN=CC=C2)C=CN=C1,Inactive
NC1=NN2C=C(F)C=NC2=C1C(=O)NC1=C(OC2CCC(CC2)C(O)=O)C=CN=C1,Inactive
NC1=NN2C=C(F)C=NC2=C1C(=O)NC1=C(O[C@H]2CCCN(C2)C2COC2)C=CN=C1,Inactive
NC1=NN2C=C(F)C=NC2=C1C(=O)NC1=C(O[C@@H]2CN3CCC2CC3)C=CN=C1,Inactive
NC1=NN2C=C(F)C=NC2=C1C(=O)NC1=C(OC2CCN(CC2)C2COC2)C=CN=C1,Inactive
CN1CCC(CC1)OC1=C(NC(=O)C2=C3N=CC(F)=CN3N=C2N)C=NC=C1,Inactive
COC(=O)[C@H]1CC[C@@H](CC1)OC1=C(NC(=O)C2=C3N=CC(F)=CN3N=C2N)C=NC=C1,Inactive
CCOC1=C(NC(=O)C2=C3N=CC(F)=CN3N=C2N)C=NC=C1,Inactive
NC1=NN2C=C(F)C=NC2=C1C(=O)NC1=C(OC2CCOC2)C=CN=C1,Inactive
NC1=NN2C=C(F)C=NC2=C1C(=O)NC1=C(O[C@@H]2CN3C=CN=C3C2)C=CN=C1,Inactive
CN(C)C(=O)[C@@H]1CC[C@@H](CC1)OC1=C(NC(=O)C2=C3N=CC(F)=CN3N=C2N)C=NC=C1,Inactive
COC(=O)[C@@H]1CC[C@@H](CC1)OC1=C(NC(=O)C2=C3N=CC(F)=CN3N=C2N)C=NC=C1,Inactive
CN1CCN(CC1)C(=O)[C@@H]1CC[C@@H](CC1)OC1=C(NC(=O)C2=C3N=CC(F)=CN3N=C2N)C=NC=C1,Inactive
CCC(C#N)C1=CN2N=C(N)C(C(=O)NC3=C(OC)C=CN=C3)=C2N=C1,Inactive
COC1=C(NC(=O)C2=C3N=CC(=CN3N=C2N)C(C)C#N)C=NC=C1,Inactive
NC1=NN2C=C(CC#N)C=NC2=C1C(=O)NC1=C(OC2CN3CCC2CC3)C=CN=C1,Inactive
CN1CCC(CC1)OC1=C(NC(=O)C2=C3N=CC(CC#N)=CN3N=C2N)C=NC=C1,Inactive
CN(C)CCOC1=C(NC(=O)C2=C3N=CC(CC#N)=CN3N=C2N)C=NC=C1,Inactive
NC1=NN2C=C(CC#N)C=NC2=C1C(=O)NC1=C(OC2=CC=CC=C2)C=CN=C1,Inactive
COC1=C(NC(=O)C2=C3N=CC(CC#N)=CN3N=C2N)C=NC=C1,Inactive
COC1=C(NC(=O)C2=C3N=CC(CC#N)=CN3N=C2N)C=NC(Cl)=C1,Inactive
CCOC1=C(NC(=O)C2=C3N=CC(CC#N)=CN3N=C2N)C=NC=C1,Inactive
COCCOC1=C(NC(=O)C2=C3N=CC(CC#N)=CN3N=C2N)C=NC=C1,Inactive
NC1=NN2C=C(CC#N)C=NC2=C1C(=O)NC1=C(OC2CCOCC2)C=CN=C1,Inactive
NC1=NN2C=C(CC#N)C=NC2=C1C(=O)NC1=C(O[C@@H]2CCOC2)C=CN=C1,Inactive
NC1=NN2C=C(CC#N)C=NC2=C1C(=O)NC1=C(OCC2CC2)C=CN=C1,Inactive
NC1=NN2C=C(CC#N)C=NC2=C1C(=O)NC1=C(OCCO)C=CN=C1,Inactive
NC1=NN2C=C(CC#N)C=NC2=C1C(=O)NC1=C(OCC(F)(F)F)C=CN=C1,Inactive
CC(C)OC1=C(NC(=O)C2=C3N=CC(CC#N)=CN3N=C2N)C=NC=C1,Inactive
NC1=NN2C=C(CC#N)C=NC2=C1C(=O)NC1=C(OC2CCC2)C=CN=C1,Inactive
NC1=NN2C=C(CC#N)C=NC2=C1C(=O)NC1=C(OC2CCOC2)C=CN=C1,Inactive
NC1=NN2C=C(CC#N)C=NC2=C1C(=O)NC1=C(OC2COC2)C=CN=C1,Inactive
NC1=NN2C=C(CC#N)C=NC2=C1C(=O)NC1=C(OC2CCCCC2)C=CN=C1,Inactive
NC1=NN2C=C(CC#N)C=NC2=C1C(=O)NC1=C(OCCCO)C=CN=C1,Inactive
NC1=NN2C=C(CC#N)C=NC2=C1C(=O)NC1=C(OC2CCCOC2)C=CN=C1,Inactive
NC1=NN2C=C(CC#N)C=NC2=C1C(=O)NC1=C(O[C@H]2CCOC2)C=CN=C1,Inactive
NC1=NN2C=C(CC#N)C=NC2=C1C(=O)NC1=C(OC2CCCC2)C=CN=C1,Inactive
NC1=NN2C=C(F)C=NC2=C1C(=O)NC1=C(OC2CC[S+]([O-])CC2)C=CN=C1,Inactive
NC1=NN2C=C(F)C=NC2=C1C(=O)NC1=C(OC2CCS(=O)(=O)CC2)C=CN=C1,Inactive
CN1CCC(CC1)OC1=C(NC(=O)C2=C3N=CC(Cl)=CN3N=C2N)C=NC=C1Cl,Inactive
CN(C)CCOCCOC1=C(NC(=O)C2=C3N=CC(Cl)=CN3N=C2N)C=NC=C1,Inactive
CN(C)CCOC1=C(NC(=O)C2=C3N=CC(Cl)=CN3N=C2N)C=NC=C1,Inactive
CN1CCC[C@@H]1COC1=C(NC(=O)C2=C3N=CC(Cl)=CN3N=C2N)C=NC=C1,Inactive
CN1CCC[C@H]1COC1=C(NC(=O)C2=C3N=CC(Cl)=CN3N=C2N)C=NC=C1,Inactive
CN1CCCC(C1)OC1=C(NC(=O)C2=C3N=CC(Cl)=CN3N=C2N)C=NC=C1,Inactive
CN(C)CCCOC1=C(NC(=O)C2=C3N=CC(Cl)=CN3N=C2N)C=NC=C1,Inactive
NC1=NN2C=C(Cl)C=NC2=C1C(=O)NC1=C(OCCCO)C=CN=C1,Inactive
NC1=NN2C=C(Cl)C=NC2=C1C(=O)NC1=C(O[C@@H]2CCOC2)C=CN=C1,Inactive
COCCOC1=C(NC(=O)C2=C3N=CC(Cl)=CN3N=C2N)C=NC=C1,Inactive
CCOC1=C(NC(=O)C2=C3N=CC(Cl)=CN3N=C2N)C=NC=C1,Inactive
COC1=C(NC(=O)C2=C3N=CC(Cl)=CN3N=C2N)C=NC=C1,Inactive
NC1=NN2C=C(Cl)C=NC2=C1C(=O)NC1=C(O[C@H]2CCOC2)C=CN=C1,Inactive
NC1=NN2C=C(Cl)C=NC2=C1C(=O)NC1=C(OCC(F)(F)F)C=CN=C1,Inactive
NC1=NN2C=C(Cl)C=NC2=C1C(=O)NC1=C(OCCN2CCOCC2)C=CN=C1,Inactive
NC1=NN2C=C(Cl)C=NC2=C1C(=O)NC1=C(OC2CCOCC2)C=CN=C1,Inactive
NC1=NN2C=C(Cl)C=NC2=C1C(=O)NC1=C(OC2CN3CCC2CC3)C=CN=C1,Inactive
CN1CC[C@H](C1)OC1=C(NC(=O)C2=C3N=CC(Cl)=CN3N=C2N)C=NC=C1,Inactive
CN1CCC(CC1)OC1=C(NC(=O)C2=C3N=CC(Cl)=CN3N=C2N)C=NC=C1,Inactive
NC1=NN2C=C(Cl)C=NC2=C1C(=O)NC1=C(OC2CCCOC2)C=CN=C1,Inactive
NC1=NN2C=C(Cl)C=NC2=C1C(=O)NC1=C(OCCO)C=CN=C1,Inactive
COCCN1CCC[C@@H](C1)OC1=C(NC(=O)C2=C3N=CC(Cl)=CN3N=C2N)C=NC=C1,Inactive
CN(C)CCOC1=C(NC(=O)C2=C3N=CC(Cl)=CN3N=C2N)C=NC(Cl)=C1,Inactive
CN1CC[C@@H](C1)OC1=C(NC(=O)C2=C3N=CC(Cl)=CN3N=C2N)C=NC=C1,Inactive
NC1=NN2C=C(Cl)C=NC2=C1C(=O)NC1=C(OC2=CN=CC=C2)C=CN=C1,Inactive
CN(C)CCOC1=C(NC(=O)C2=C3N=CC(Cl)=CN3N=C2N)C=NC(=C1)C(F)(F)F,Inactive
NC1=NN2C=C(Cl)C=NC2=C1C(=O)NC1=C(OC2CC3(CNC3)C2)C=CN=C1,Inactive
NC1=NN2C=C(Cl)C=NC2=C1C(=O)NC1=C(OC2CNC2)C=CN=C1,Inactive
NC1=NN2C=C(Cl)C=NC2=C1C(=O)NC1=C(O[C@H]2CCCNC2)C=CN=C1,Inactive
NC1=NN2C=C(Cl)C=NC2=C1C(=O)NC1=C(OC2CCCNC2)C=CN=C1,Inactive
NC1=NN2C=C(Cl)C=NC2=C1C(=O)NC1=C(O[C@H]2CCNC2)C=CN=C1,Inactive
NC1=NN2C=C(Cl)C=NC2=C1C(=O)NC1=C(O[C@@H]2CCNC2)C=CN=C1,Inactive
NC1=NN2C=C(Cl)C=NC2=C1C(=O)NC1=C(O[C@H]2C[C@]3(CCN3)C2)C=CN=C1,Inactive
NC1=NN2C=C(Cl)C=NC2=C1C(=O)NC1=C(OC2CCNCC2)C=CN=C1,Inactive
NC1=NN2C=C(CC#N)C=NC2=C1C(=O)NC1=C(OC2CNC2)C=CN=C1,Inactive
NCCOC1=C(NC(=O)C2=C3N=CC(CC#N)=CN3N=C2N)C=NC=C1,Inactive
NC1=NN2C=C(CC#N)C=NC2=C1C(=O)NC1=C(OC2CCNCC2)C=CN=C1,Inactive
NC1=NN2C=C(F)C=NC2=C1C(=O)NC1=C(O[C@H]2CCCNC2)C=CN=C1,Inactive
NC1=NN2C=C(CC#N)C=NC2=C1C(=O)NC1=C(O[C@H]2CCNC2)C=CN=C1,Inactive
NC1=NN2C=C(CC#N)C=NC2=C1C(=O)NC1=C(O[C@@H]2CCNC2)C=CN=C1,Inactive
CC(C)(C)OC1=C(NC(=O)C2=C3N=CC(F)=CN3N=C2N)C=NC=C1,Inactive
CN1CCC(CC1)OC1=C(NC(=O)C2=C3N=CC(F)=CN3N=C2N)C=NC=C1F,Inactive
CNC1=CC(OC)=C(NC(=O)C2=C3N=CC(F)=CN3N=C2N)C=N1,Inactive
NC1=NN2C=C(F)C=NC2=C1C(=O)NC1=C(OC2CCN(CC2)C2COC2)C(F)=CN=C1,Inactive
NC1=NN2C=C(F)C=NC2=C1C(=O)NC1=C(OC2COC2)C=CN=C1,Inactive
CN1CCC(CC1)C1=C(NC(=O)C2=C3N=CC(F)=CN3N=C2N)C=NC=C1,Inactive
CC1=C(NC(=O)C2=C3N=CC(Cl)=CN3N=C2N)C=NC=C1,Inactive
CC1=C(NC(=O)C2=C3N=CC(CC#N)=CN3N=C2N)C=NC=C1,Inactive
CC1=C(NC(=O)C2=C3N=CC(F)=CN3N=C2N)C=NC=C1,Inactive
NC1=NN2C=C(F)C=NC2=C1C(=O)NC1=C(C=CN=C1)C1=CC=CC=C1,Inactive
NC1=NN2C=C(CC#N)C=NC2=C1C(=O)NC1=C(C=CN=C1)C1=CC=CC=C1,Inactive
NC1=NN2C=C(F)C=NC2=C1C(=O)NC1=C2CCNCC2=CN=C1,Inactive
CN1CCC2=C(NC(=O)C3=C4N=CC(F)=CN4N=C3N)C=NC=C2C1,Inactive
C[N+]1([O-])CCC2=C(NC(=O)C3=C4N=CC(F)=CN4N=C3N)C=NC=C2C1,Inactive
NC1=NN2C=C(F)C=NC2=C1C(=O)NC1=C(C=CN=C1)C1CCN(CC1)C1COC1,Inactive
NC1=NN2C=C(Cl)C=NC2=C1C(=O)NC1=C(C=CN=C1)C1CCN(CC1)C1COC1,Inactive
NC1=NN2C=C(F)C=NC2=C1C(=O)NC1=C(C(F)=CN=C1)C1=CCN(CC1)C1COC1,Inactive
NC1=NN2C=C(F)C=NC2=C1C(=O)NC1=C(C2CCN(CC2)C2COC2)C(F)=CN=C1,Inactive
CN1CCC(CC1)C1=C(NC(=O)C2=C3N=CC(F)=CN3N=C2N)C=NC=C1F,Inactive
NC1=NN2C=C(F)C=NC2=C1C(=O)NC1=C(C=CN=C1)C1=CN=CC=C1,Inactive
CN1CCC(CC1)C(=O)N1CCC(CC1)C1=C(NC(=O)C2=C3N=CC(F)=CN3N=C2N)C=NC=C1,Inactive
CN1CCN(CC1)C(=O)N1CCC(CC1)C1=C(NC(=O)C2=C3N=CC(F)=CN3N=C2N)C=NC=C1,Inactive
NC1=NN2C=C(F)C=NC2=C1C(=O)NC1=C(C=CN=C1)C1CCN(CC1)C(=O)C12CCN(CC1)CC2,Inactive
CN1CCN(CC1)C(=O)C1=NC=C(C=C1)C1=C(NC(=O)C2=C3N=CC(F)=CN3N=C2N)C=NC=C1,Inactive
CC1=C(C=CC=N1)C1=C(NC(=O)C2=C3N=CC(F)=CN3N=C2N)C=NC=C1,Inactive
CN1CCN(CC1)C1=NC=C(C=C1)C1=C(NC(=O)C2=C3N=CC(F)=CN3N=C2N)C=NC=C1,Inactive
CC1=NC=C(C=C1)C1=C(NC(=O)C2=C3N=CC(F)=CN3N=C2N)C=NC=C1,Inactive
CN1CCC(CC1)C1=C(NC(=O)C2=C3N=CC(=CN3N=C2N)C(C)(C)C#N)C=NC=C1,Inactive
NC1=NN2C=C(F)C=NC2=C1C(=O)NC1=C(C=CN=C1)C1=CC=NC=C1,Inactive
CN1CCN(CC1)C(=O)C1=CC=C(C=C1)C1=C(NC(=O)C2=C3N=CC(F)=CN3N=C2N)C=NC=C1,< 20 nM 
NC1=NN2C=C(F)C=NC2=C1C(=O)NC1=C(C=CN=C1)C1=CC=NN=C1,Inactive
COC1=NC=C(C=C1)C1=C(NC(=O)C2=C3N=CC(F)=CN3N=C2N)C=NC=C1,Inactive
NC1=NN2C=C(F)C=NC2=C1C(=O)NC1=C(C=CN=C1)C1=CN=CN=C1,Inactive
CC1=C(C=CN=C1)C1=C(NC(=O)C2=C3N=CC(F)=CN3N=C2N)C=NC=C1,Inactive
CC1=C(C=NC=C1)C1=C(NC(=O)C2=C3N=CC(F)=CN3N=C2N)C=NC=C1,Inactive
CC1=C(C=CN=N1)C1=C(NC(=O)C2=C3N=CC(F)=CN3N=C2N)C=NC=C1,< 20 nM 
NC1=NN2C=C(F)C=NC2=C1C(=O)NC1=C(C=CN=C1)C1=C(O)N=CC=C1,Inactive
CC1=C(N=NC=C1)C1=C(NC(=O)C2=C3N=CC(F)=CN3N=C2N)C=NC=C1,Inactive
CC1=C(C=CC(F)=N1)C1=C(NC(=O)C2=C3N=CC(F)=CN3N=C2N)C=NC=C1,Inactive
NC1=NN2C=C(F)C=NC2=C1C(=O)NC1=C(C=CN=C1)C1=C(F)N=CC=C1,Inactive
CC1=C(N=CC=C1)C1=C(NC(=O)C2=C3N=CC(F)=CN3N=C2N)C=NC=C1,Inactive
NC1=NN2C=C(F)C=NC2=C1C(=O)NC1=C(C=CN=C1)C1=C(Cl)N=CC=C1,Inactive
CN1CCC(CC1)C(=O)N1CCC(=CC1)C1=C(NC(=O)C2=C3N=CC(F)=CN3N=C2N)C=NC=C1F,Inactive
CN1CCN(CC1)C(=O)C1=NC(C)=C(C=C1)C1=C(NC(=O)C2=C3N=CC(F)=CN3N=C2N)C=NC=C1,Inactive
CN1CCN(CC1)C1=NC(C)=C(C=C1)C1=C(NC(=O)C2=C3N=CC(F)=CN3N=C2N)C=NC=C1,Inactive
CN1CC[C@H](C1)OC1=NC(C)=C(C=C1)C1=C(NC(=O)C2=C3N=CC(F)=CN3N=C2N)C=NC=C1,Inactive
NC1=NN2C=C(F)C=NC2=C1C(=O)NC1=C(C=CN=C1)C1CC1,Inactive
CN1CCN(CC1)C(=O)C1=CC=C(C=C1)C1=C(NC(=O)C2=C3N=CC(F)=CN3N=C2N)C=NC=C1F,< 20 nM 
NC1=NN2C=C(F)C=NC2=C1C(=O)NC1=C(C=CN=C1)C1=CC=C(C=C1)C(=O)N1CCNCC1,Inactive
CN1CCN(CC1)C(=O)C1=CC(C)=C(C=C1)C1=C(NC(=O)C2=C3N=CC(F)=CN3N=C2N)C=NC=C1,Inactive
CN1CCN(CC1)C(=O)C1=CC(Cl)=C(N=C1)C1=C(NC(=O)C2=C3N=CC(F)=CN3N=C2N)C=NC=C1,Inactive
NC1=NN2C=C(F)C=NC2=C1C(=O)NC1=C(C=CN=C1)C1CCN(CC1)S(=O)(=O)C1CC1,Inactive
NC1=NN2C=C(F)C=NC2=C1C(=O)NC1=C(C=CN=C1)C1=CC=C(C=C1)C(=O)N1CCN2CCC1CC2,Inactive
NC1=NN2C=C(F)C=NC2=C1C(=O)NC1=C(C=CN=C1)C1=CC=C(C=C1)C(=O)N1CCN(CC1)C1COC1,Inactive
NC1NN2C=C(F)C=NC2C1C(=O)NC1=C(C=CN=C1)C1=CC=C(C=C1F)C(=O)N1CCN2CCC1CC2,Inactive
NC1=NN2C=C(F)C=NC2=C1C(=O)NC1=C(C=CN=C1)C1=CC=C(C=C1F)C(=O)N1CCN(CC1)C1COC1,Inactive
NC1=NN2C=C(F)C=NC2=C1C(=O)NC1=C(C=CN=C1)C1=CC=C(N=C1)C(=O)N1CCN(CC1)C1COC1,Inactive
NC1=NN2C=C(F)C=NC2=C1C(=O)NC1=C(C=CN=C1)C1=CC=C(N=C1)C(=O)N1CCC(CC1)N1CCCC1,Inactive
NC1=NN2C=C(F)C=NC2=C1C(=O)NC1=C(C=CN=C1)C1=CC=C(N=C1)C(=O)N1CCC(CC1)N1CCC1,Inactive
CN1C=CN=C1C1=C(NC(=O)C2=C3N=CC(F)=CN3N=C2N)C=NC=C1,Inactive
CN1C=NC=C1C1=C(NC(=O)C2=C3N=CC(F)=CN3N=C2N)C=NC=C1,Inactive
CN1N=CC=C1C1=C(NC(=O)C2=C3N=CC(F)=CN3N=C2N)C=NC=C1,Inactive
CN1C(=O)C=CC=C1C1=C(NC(=O)C2=C3N=CC(F)=CN3N=C2N)C=NC=C1,Inactive
CN1C=C(C=CC1=O)C1=C(NC(=O)C2=C3N=CC(F)=CN3N=C2N)C=NC=C1,Inactive
NC1=NN2C=C(F)C=NC2=C1C(=O)NC1=C(C=CN=C1)C1=CC=CC=N1,Inactive
CS(=O)(=O)C1=CC=C(C=C1)C1=C(NC(=O)C2=C3N=CC(F)=CN3N=C2N)C=NC=C1,Inactive
CC1=NC=CN=C1C1=C(NC(=O)C2=C3N=CC(F)=CN3N=C2N)C=NC=C1,Inactive
CN1C=C(C(C)=N1)C1=C(NC(=O)C2=C3N=CC(F)=CN3N=C2N)C=NC=C1,Inactive
NC1=NN2C=C(F)C=NC2=C1C(=O)NC1=C(C=CN=C1)C1=CC=C(C=C1)S(=O)(=O)N1CCC1,Inactive
CN1N=CN=C1C1=C(NC(=O)C2=C3N=CC(F)=CN3N=C2N)C=NC=C1,Inactive
CN1CCOC[C@@H]1C1=CC=C(C=C1)C1=C(NC(=O)C2=C3N=CC(F)=CN3N=C2N)C=NC=C1,Inactive
CC1=C(N=CN=C1)C1=C(NC(=O)C2=C3N=CC(F)=CN3N=C2N)C=NC=C1,Inactive
CN1C=CC(=N1)C1=C(NC(=O)C2=C3N=CC(F)=CN3N=C2N)C=NC=C1,Inactive
CC(=O)N1CCC(CC1)C1=C(NC(=O)C2=C3N=CC(F)=CN3N=C2N)C=NC=C1,Inactive
NC1=NN2C=C(F)C=NC2=C1C(=O)NC1=C(C=CN=C1)C1CCN(CC1)C(=O)C1CC1,Inactive
NC1=NN2C=C(F)C=NC2=C1C(=O)NC1=C(C=CN=C1)C1CCN(CC1)C(=O)C1(CC1)C#N,Inactive
CN1N=NC=C1C1=C(NC(=O)C2=C3N=CC(F)=CN3N=C2N)C=NC=C1,Inactive
CN1CCC(CC1=O)C1=C(NC(=O)C2=C3N=CC(F)=CN3N=C2N)C=NC=C1,Inactive
CN1C=CC2=C(NC(=O)C3=C4N=CC(F)=CN4N=C3N)C=NC=C12,Inactive
NC1=NN2C=C(F)C=NC2=C1C(=O)NC1=C(C=CN=C1)C1CCOC1,Inactive
NC1=NN2C=C(F)C=NC2=C1C(=O)NC1=C(CN2CCCC2=O)C=CN=C1,Inactive
CN1C(C)=NC=C1C1=C(NC(=O)C2=C3N=CC(F)=CN3N=C2N)C=NC=C1,Inactive
CN1C=NC(C)=C1C1=C(NC(=O)C2=C3N=CC(F)=CN3N=C2N)C=NC=C1,Inactive
CN1C=NC=C1C1=C(NC(=O)C2=C3N=CC(F)=CN3N=C2N)C=NC=C1F,< 20 nM 
CCN1C=NC=C1C1=C(NC(=O)C2=C3N=CC(F)=CN3N=C2N)C=NC=C1,Inactive
COC1=CN=CC(NC(=O)C2=C3N=CC(F)=CN3N=C2N)=C1C1=CN=CN1C,Inactive
COC1=CN=CC(NC(=O)C2=C3N=CC(F)=CN3N=C2N)=C1C1=CN=CC=C1,Inactive
COCCN1C=NC=C1C1=C(NC(=O)C2=C3N=CC(F)=CN3N=C2N)C=NC=C1,Inactive
COC1=CN=CC(NC(=O)C2=C3N=CC(F)=CN3N=C2N)=C1C1CC1,Inactive
CN1CCN(CC1)C(=O)C1CCN(CC1)C1=C(NC(=O)C2=C3N=CC(F)=CN3N=C2N)C=NC=C1,Inactive
CN(C)C(=O)C1CCN(CC1)C1=C(NC(=O)C2=C3N=CC(F)=CN3N=C2N)C=NC=C1,Inactive
CN1CCN(CC1)C(=O)C1CCN(CC1)C1=C(NC(=O)C2=C3N=CC(F)=CN3N=C2N)C=NC=C1Cl,Inactive
CN1CCN(CC1)C(=O)C1CCN(CC1)C1=C(NC(=O)C2=C3N=CC(F)=CN3N=C2N)C=NC=C1F,< 20 nM 
CN1CCN(CC1)C(=O)C1CCN(CC1)C1=C(NC(=O)C2=C3N=CC(Cl)=CN3N=C2N)C=NC=C1F,Inactive
CN1CCCN(CC1)C(=O)C1CCN(CC1)C1=C(NC(=O)C2=C3N=CC(F)=CN3N=C2N)C=NC=C1F,Inactive
NC1=NN2C=C(F)C=NC2=C1C(=O)NC1=C(N2CCC(CC2)C(=O)N2CCN3CCC2CC3)C(F)=CN=C1,< 20 nM 
NC1=NN2C=C(F)C=NC2=C1C(=O)NC1=C(N2CCC(CC2)C(=O)N2CCC2)C(F)=CN=C1,Inactive
CCN1CCN(CC1)C(=O)C1CCN(CC1)C1=C(NC(=O)C2=C3N=CC(F)=CN3N=C2N)C=NC=C1F,Inactive
NC1=NN2C=C(F)C=NC2=C1C(=O)NC1=C(N2CCC(CC2)C(=O)N2CCN3CCCC3C2)C(F)=CN=C1,Inactive
CN(C)[C@@H]1CCN(C1)C(=O)C1CCN(CC1)C1=C(NC(=O)C2=C3N=CC(F)=CN3N=C2N)C=NC=C1F,Inactive
NC1=NN2C=C(F)C=NC2=C1C(=O)NC1=C(N2CCC(CC2)C(=O)N2CCNCC2)C(F)=CN=C1,< 20 nM 
NC1=NN2C=C(F)C=NC2=C1C(=O)NC1=C(N2CCC(CC2)C(=O)N2CCN(CC2)C2CC2)C(F)=CN=C1,Inactive
NC1=NN2C=C(F)C=NC2=C1C(=O)NC1=C(N2CCC(CC2)C(=O)N2CC3(COC3)C2)C(F)=CN=C1,Inactive
CN1CCN(CC1(C)C)C(=O)C1CCN(CC1)C1=C(NC(=O)C2=C3N=CC(F)=CN3N=C2N)C=NC=C1F,Inactive
CN(C)CCCN(C)C(=O)C1CCN(CC1)C1=C(NC(=O)C2=C3N=CC(F)=CN3N=C2N)C=NC=C1F,Inactive
CN1CC2CN(CC2C1)C(=O)C1CCN(CC1)C1=C(NC(=O)C2=C3N=CC(F)=CN3N=C2N)C=NC=C1F,Inactive
CC(C)(C)NC(=O)C1CCN(CC1)C1=C(NC(=O)C2=C3N=CC(F)=CN3N=C2N)C=NC=C1F,Inactive
CN1CCC(CC1)NC(=O)C1CCN(CC1)C1=C(NC(=O)C2=C3N=CC(F)=CN3N=C2N)C=NC=C1F,Inactive
COC1CN(C1)C(=O)C1CCN(CC1)C1=C(NC(=O)C2=C3N=CC(F)=CN3N=C2N)C=NC=C1F,< 20 nM 
CN(C)C1CN(C1)C(=O)C1CCN(CC1)C1=C(NC(=O)C2=C3N=CC(F)=CN3N=C2N)C=NC=C1F,Inactive
CN1CC(C1)NC(=O)C1CCN(CC1)C1=C(NC(=O)C2=C3N=CC(F)=CN3N=C2N)C=NC=C1F,Inactive
CN1CCC(C1)NC(=O)C1CCN(CC1)C1=C(NC(=O)C2=C3N=CC(F)=CN3N=C2N)C=NC=C1F,Inactive
CN1CCN(CC1)C(=O)C1(CCN(CC1)C1=C(NC(=O)C2=C3N=CC(F)=CN3N=C2N)C=NC=C1F)C#N,Inactive
CN(C)CCCNC(=O)C1CCN(CC1)C1=C(NC(=O)C2=C3N=CC(F)=CN3N=C2N)C=NC=C1F,Inactive
CC1(C)CN(CCN1)C(=O)C1CCN(CC1)C1=C(NC(=O)C2=C3N=CC(F)=CN3N=C2N)C=NC=C1F,Inactive
CN(C)C(=O)C1CCN(CC1)C1=C(NC(=O)C2=C3N=CC(F)=CN3N=C2N)C=NC=C1F,Inactive
CN(C)CCNC(=O)C1CCN(CC1)C1=C(NC(=O)C2=C3N=CC(F)=CN3N=C2N)C=NC=C1F,Inactive
CN(C)CCN(C)C(=O)C1CCN(CC1)C1=C(NC(=O)C2=C3N=CC(F)=CN3N=C2N)C=NC=C1F,Inactive
NC1=NN2C=C(F)C=NC2=C1C(=O)NC1=C(N2CCC(CC2)C(=O)N2CCN(CC2)C2COC2)C(F)=CN=C1,< 20 nM 
CNC(=O)C1CCN(CC1)C1=C(NC(=O)C2=C3N=CC(F)=CN3N=C2N)C=NC=C1F,Inactive
CNC1CN(C1)C(=O)C1CCN(CC1)C1=C(NC(=O)C2=C3N=CC(F)=CN3N=C2N)C=NC=C1F,Inactive
NC1=NN2C=C(F)C=NC2=C1C(=O)NC1=C(N2CCC(CC2)C(=O)N2CCN(CC2)C2CCC2)C(F)=CN=C1,Inactive
NC1=NN2C=C(F)C=NC2=C1C(=O)NC1=C(N2CCC(CC2)C(=O)N2CCOCC2)C(F)=CN=C1,Inactive
NC1=NN2C=C(F)C=NC2=C1C(=O)NC1=C(N2CCC(CC2)C(=O)NC2COC2)C(F)=CN=C1,Inactive
CN1CCN(CC11CC1)C(=O)C1CCN(CC1)C1=C(NC(=O)C2=C3N=CC(F)=CN3N=C2N)C=NC=C1F,Inactive
COCCN(C)C(=O)C1CCN(CC1)C1=C(NC(=O)C2=C3N=CC(F)=CN3N=C2N)C=NC=C1F,Inactive
NC1=NN2C=C(F)C=NC2=C1C(=O)NC1=C(N2CCC(CC2)C(=O)N2CC(O)C2)C(F)=CN=C1,Inactive
NC1=NN2C=C(F)C=NC2=C1C(=O)NC1=C(N2CCC(CC2)C(=O)NCCN2CCC2)C(F)=CN=C1,Inactive
NC1=NN2C=C(F)C=NC2=C1C(=O)NC1=C(N2CCC(CC2)C(=O)N2CC(C2)N2CCCC2)C(F)=CN=C1,Inactive
NC1=NN2C=C(F)C=NC2=C1C(=O)NC1=C(N2CCC(CC2)C(=O)N2CC3CCC(C2)N3)C(F)=CN=C1,Inactive
C[C@@H]1CN(CCN1)C(=O)C1CCN(CC1)C1=C(NC(=O)C2=C3N=CC(F)=CN3N=C2N)C=NC=C1F,Inactive
NC1=NN2C=C(F)C=NC2=C1C(=O)NC1=C(N2CCC(CC2)C(=O)N2CCN3CCC2C3)C(F)=CN=C1,Inactive
C[C@H]1CN(CCN1C)C(=O)C1CCN(CC1)C1=C(NC(=O)C2=C3N=CC(F)=CN3N=C2N)C=NC=C1F,Inactive
NC1=NN2C=C(F)C=NC2=C1C(=O)NC1=C(N2CCC(CC2)C(=O)N2CCNCC2)C(Cl)=CN=C1,Inactive
NC1=NN2C=C(F)C=NC2=C1C(=O)NC1=C(N2CCC(CC2)C(=O)N2CC(C2)N2CCC2)C(F)=CN=C1,Inactive
C[C@@H]1CN(CCN1C)C(=O)C1CCN(CC1)C1=C(NC(=O)C2=C3N=CC(F)=CN3N=C2N)C=NC=C1F,Inactive
NC1=NN2C=C(F)C=NC2=C1C(=O)NC1=C(N2CCC(CC2)C(=O)N2CC3CNCC3C2)C(F)=CN=C1,Inactive
CN1C2CCC1CN(C2)C(=O)C1CCN(CC1)C1=C(NC(=O)C2=C3N=CC(F)=CN3N=C2N)C=NC=C1F,Inactive
CN1CC2CC1CN2C(=O)C1CCN(CC1)C1=C(NC(=O)C2=C3N=CC(F)=CN3N=C2N)C=NC=C1F,Inactive
CN1CCN(CC1)C(=O)C1(C)CCN(CC1)C1=C(NC(=O)C2=C3N=CC(F)=CN3N=C2N)C=NC=C1F,Inactive
NC1=NN2C=C(F)C=NC2=C1C(=O)NC1=C(N2CCC(CC2)C(=O)N2CC(C2)N2CCCCC2)C(F)=CN=C1,Inactive
NC1=NN2C=C(F)C=NC2=C1C(=O)NC1=C(N2CCC(CC2)C(=O)N2CC[C@@H](C2)N2CCCC2)C(F)=CN=C1,Inactive
NC1=NN2C=C(F)C=NC2=C1C(=O)NC1=C(N2CCC(CC2)C(=O)N2CCC(CC2)N2CCCC2)C(F)=CN=C1,Inactive
NC1=NN2C=C(F)C=NC2=C1C(=O)NC1=C(N2CCC(CC2)C(=O)N2CCC(CC2)N2CCCCC2)C(F)=CN=C1,Inactive
C[C@H]1CN(CCN1)C(=O)C1CCN(CC1)C1=C(NC(=O)C2=C3N=CC(F)=CN3N=C2N)C=NC=C1F,Inactive
NC1=NN2C=C(F)C=NC2=C1C(=O)NC1=C(N2CCC(CC2)C(=O)N2CCNC3CC23)C(F)=CN=C1,Inactive
CC1(O)CN(C1)C(=O)C1CCN(CC1)C1=C(NC(=O)C2=C3N=CC(F)=CN3N=C2N)C=NC=C1F,Inactive
NC1=NN2C=C(F)C=NC2=C1C(=O)NC1=C(N2CCC(CC2)C(=O)N2CCC(C2)N2CCCCC2)C(F)=CN=C1,Inactive
CN1CCN(C2CC12)C(=O)C1CCN(CC1)C1=C(NC(=O)C2=C3N=CC(F)=CN3N=C2N)C=NC=C1F,Inactive
NC1=NN2C=C(F)C=NC2=C1C(=O)NC1=C(N2CCC(CC2)C(=O)N2CCN3CCC2CC3)C(Cl)=CN=C1,Inactive
NC1=NN2C=C(F)C=NC2=C1C(=O)NC1=C(N2CCC(CC2)C(=O)N2CC(F)C2)C(F)=CN=C1,Inactive
NC1=NN2C=C(F)C=NC2=C1C(=O)NC1=C(N2CCC(CC2)C(=O)N2CCC(CC2)N2CCC2)C(F)=CN=C1,Inactive
NC1=NN2C=C(F)C=NC2=C1C(=O)NC1=C(N2CCC(CC2)C(=O)N2CCN3CCC2C3)C(Cl)=CN=C1,Inactive
NC1=NN2C=C(F)C=NC2=C1C(=O)NC1=C(N2CCC(CC2)C(=O)N2CCN3CC[C@H]2C3)C(F)=CN=C1,Inactive
NC1=NN2C=C(F)C=NC2=C1C(=O)NC1=C(N2CCC(CC2)C(=O)N2CCN3CC[C@@H]2C3)C(F)=CN=C1,Inactive
NC1=NN2C=C(F)C=NC2=C1C(=O)NC1=C(N2CCC(CC2)C(=O)N2CC(F)(F)C2)C(F)=CN=C1,Inactive
COC1(C)CN(C1)C(=O)C1CCN(CC1)C1=C(NC(=O)C2=C3N=CC(F)=CN3N=C2N)C=NC=C1F,Inactive
NC1=NN2C=C(F)C=NC2=C1C(=O)NC1=C(N2CCC(CC2)C(=O)N2CC(C2)C#N)C(F)=CN=C1,Inactive
NC1=NN2C=C(F)C=NC2=C1C(=O)NC1=C(C=CN=C1)N1CCC(CC1)C(=O)N1CCC1,Inactive
COC1CN(C1)C(=O)C1CCN(CC1)C1=C(NC(=O)C2=C3N=CC(F)=CN3N=C2N)C=NC=C1,Inactive
COC1(C)CN(C1)C(=O)C1CCN(CC1)C1=C(NC(=O)C2=C3N=CC(F)=CN3N=C2N)C=NC=C1,Inactive
NC1=NN2C=C(F)C=NC2=C1C(=O)NC1=C(C=CN=C1)N1CCC(CC1)C(=O)N1CC(F)(F)C1,Inactive
NC1=NN2C=C(F)C=NC2=C1C(=O)NC1=C(C=CN=C1)N1CCC(CC1)C(=O)N1CC(C1)C#N,Inactive
NC1=NN2C=C(F)C=NC2=C1C(=O)NC1=C(C=CN=C1)N1CCC(CC1)C(=O)N1CC(F)C1,Inactive
NC1=NN2C=C(F)C=NC2=C1C(=O)NC1=C(C=CN=C1)N1CCC(CC1)C(=O)N1CCCC1,Inactive
NC1=NN2C=C(F)C=NC2=C1C(=O)NC1=C(C=CN=C1)N1CCC(CC1)C(=O)N1CCC2(COC2)C1,Inactive
NC1=NN2C=C(F)C=NC2=C1C(=O)NC1=C(C=CN=C1)N1CCC(CC1)C(=O)N1CCOCC1,Inactive
CS(=O)(=O)C1CN(C1)C(=O)C1CCN(CC1)C1=C(NC(=O)C2=C3N=CC(F)=CN3N=C2N)C=NC=C1F,Inactive
NC1=NN2C=C(Cl)C=NC2=C1C(=O)NC1=C(N2CCC(CC2)C(=O)N2CCN3CCC2CC3)C(F)=CN=C1,Inactive
NC1=NN2C=C(F)C=NC2=C1C(=O)NC1=C(C=CN=C1)N1CCC(CC1)C(=O)N1CC2(COC2)C1,Inactive
CS(=O)(=O)C1CN(C1)C(=O)C1CCN(CC1)C1=C(NC(=O)C2=C3N=CC(F)=CN3N=C2N)C=NC=C1,Inactive
NC1=NN2C=C(F)C=NC2=C1C(=O)NC1=C(C=CN=C1)N1CCC(CC1)C(=O)N1CC2(CCO2)C1,Inactive
CCOC1CN(C1)C(=O)C1CCN(CC1)C1=C(NC(=O)C2=C3N=CC(F)=CN3N=C2N)C=NC=C1,Inactive
CC1(COC1)N1CCN(CC1)C(=O)C1CCN(CC1)C1=C(NC(=O)C2=C3N=CC(F)=CN3N=C2N)C=NC=C1F,Inactive
CO[C@@H]1CCN(C1)C(=O)C1CCN(CC1)C1=C(NC(=O)C2=C3N=CC(F)=CN3N=C2N)C=NC=C1,Inactive
CO[C@H]1CCN(C1)C(=O)C1CCN(CC1)C1=C(NC(=O)C2=C3N=CC(F)=CN3N=C2N)C=NC=C1,Inactive
NC1=NN2C=C(F)C=NC2=C1C(=O)NC1=C(N2CCC(CC2)C(=O)N2CC[NH+]([O-])CC2)C(F)=CN=C1,Inactive
CN1CC(C1)N1CCN(CC1)C(=O)C1CCN(CC1)C1=C(NC(=O)C2=C3N=CC(F)=CN3N=C2N)C=NC=C1F,Inactive
COCC1CN(C1)C(=O)C1CCN(CC1)C1=C(NC(=O)C2=C3N=CC(F)=CN3N=C2N)C=NC=C1F,Inactive
CO[C@H]1CCN(C1)C(=O)C1CCN(CC1)C1=C(NC(=O)C2=C3N=CC(F)=CN3N=C2N)C=NC=C1F,Inactive
CN(C)CC(=O)N1CCN(CC1)C1=C(NC(=O)C2=C3N=CC(F)=CN3N=C2N)C=NC=C1F,Inactive
CC1=NC=NN1C1=C(NC(=O)C2=C3N=CC(F)=CN3N=C2N)C=NC=C1F,Inactive
CC(C)N1CCN2CCN(CC2C1=O)C1=C(NC(=O)C2=C3N=CC(F)=CN3N=C2N)C=NC=C1,Inactive
NC1=NN2C=C(Cl)C=NC2=C1C(=O)NC1=C(O[C@H]2C[C@@]3(CCN3)C2)C=CN=C1,Inactive
NC1=NN2C=C(F)C=NC2=C1C(=O)NC1=C(N2CCC(CC2)C(=O)N2CCNC3(CC3)C2)C(F)=CN=C1,Inactive
CN1CCN2CCN(CC2C1)C1=C(NC(=O)C2=C3N=CC(F)=CN3N=C2N)C=NC=C1Cl,Inactive
NC1=NN2C=C(Cl)C=NC2=C1C(=O)NC1=C(C=CN=C1)N1CCC(CC1)N1CC2(COC2)C1,Inactive
NC1=NN2C=C(F)C=NC2=C1C(=O)NC1=C(N2CCN(CC2)C2COC2)C(Cl)=CN=C1,Inactive
CN1CCN2CCN(CC2C1)C1=C(NC(=O)C2=C3N=CC(F)=CN3N=C2N)C=NC=C1F,Inactive
