NC1=NN2C=C(F)C=NC2=C1C(=O)NC1=C(C=CN=C1)N1CCN(CC1)C1COC1,15.18738373
NC1CCN(CC1)C1=C(NC(=O)C2=C3N=CC(CC#N)=CN3N=C2N)C=NC=C1,11.81030791
CN1CCN(CC1)C1=C(NC(=O)C2=C3N=CC(F)=CN3N=C2N)C=NC=C1,17.50767391
CC(C)N1CCN(CC1)C1=C(NC(=O)C2=C3N=CC(F)=CN3N=C2N)C=NC=C1,12.34915394
CN1CCN(CC1)C1=C(NC(=O)C2=C3N=CC(F)=CN3N=C2N)C=NC=C1C1CC1,11.17176885
NC1=NN2C=C(F)C=NC2=C1C(=O)NC1=C(C=CN=C1)N1C=CN=C1,24.07166582
CNCCC1=CN(N=C1)C1=C(NC(=O)C2=C3N=CC(F)=CN3N=C2N)C=NC=C1,7.732849344
CN(C)CCC1=CN(N=C1)C1=C(NC(=O)C2=C3N=CC(F)=CN3N=C2N)C=NC=C1,8.564429255
NC1=NN2C=C(F)C=NC2=C1C(=O)NC1=C(C=CN=C1)N1CCN(CC1)[C@@H]1CCOC1,15.46622942
NC1=NN2C=C(F)C=NC2=C1C(=O)NC1=C(C=CN=C1)N1CCN(CC1)C1CCOCC1,13.93803569
NC1=NN2C=C(F)C=NC2=C1C(=O)NC1=C(C=CN=C1)N1CCN(CC1)[C@H]1CCOC1,15.61202629
NC1=NN2C=C(F)C=NC2=C1C(=O)NC1=C(N2CCN(CC2)C2COC2)C(F)=CN=C1,13.79713429
CN1CCN(CC1)C1=C(NC(=O)C2=C3N=CC(Cl)=CN3N=C2N)C=NC=C1F,15.70653057
CN1CCN(CC1)C1=C(NC(=O)C2=C3N=CC(F)=CN3N=C2N)C=NC=C1F,18.25751902
CC1=CN=CC(NC(=O)C2=C3N=CC(F)=CN3N=C2N)=C1N1CCN(CC1)C1COC1,11.62582022
CCN1CCN(CC1)C1=C(NC(=O)C2=C3N=CC(F)=CN3N=C2N)C=NC=C1,15.07611568
NC1=NN2C=C(F)C=NC2=C1C(=O)NC1=C(C=CN=C1)N1CCN2CCC1CC2,7.868279405
NC1=NN2C=C(F)C=NC2=C1C(=O)NC1=C(C=CN=C1)N1CCN(CC1)C1CCOC1,15.76391423
NC1=NN2C=C(F)C=NC2=C1C(=O)NC1=C(C=CN=C1)N1CCN(CC(F)(F)F)CC1,13.86563441
NC1=NN2C=C(F)C=NC2=C1C(=O)NC1=C(C=CN=C1)N1CCN2CCC[C@H]2C1,10.15715977
COCCN1CCN(CC1)C1=C(NC(=O)C2=C3N=CC(F)=CN3N=C2N)C=NC=C1,17.03400944
C[C@@H]1CN(CCN1C1=C(NC(=O)C2=C3N=CC(F)=CN3N=C2N)C=NC=C1)C1COC1,11.68372828
C[C@H]1CN(CCN1C1=C(NC(=O)C2=C3N=CC(F)=CN3N=C2N)C=NC=C1)C1COC1,12.60331957
C[C@@H]1CN(CCN1C1=C(NC(=O)C2=C3N=CC(Cl)=CN3N=C2N)C=NC=C1)C1(C)COC1,9.242580744
NC1=NN2C=C(F)C=NC2=C1C(=O)NC1=C(C=CN=C1)N1C=CC=N1,41.31435909
NC1=NN2C=C(F)C=NC2=C1C(=O)NC1=C(C=CN=C1)N1C=NC(=C1)C(F)(F)F,17.98030987
CC1=NC=CN1C1=C(NC(=O)C2=C3N=CC(F)=CN3N=C2N)C=NC=C1,19.91862042
NC1=NN2C=C(Cl)C=NC2=C1C(=O)NC1=C(C=CN=C1)N1C=CN=C1,25.75330001
CC1=NC(=CN1C1=C(NC(=O)C2=C3N=CC(F)=CN3N=C2N)C=NC=C1)C(F)(F)F,16.46202441
NC1=NN2C=C(F)C=NC2=C1C(=O)NC1=C(C=CN=C1)N1CCN(C2CC12)C1COC1,8.058228989
NC1=NN2C=C(F)C=NC2=C1C(=O)NC1=C(N2CCN(CC2)C2COC2)C(=CN=C1)C1CC1,9.291313945
NC1=NN2C=C(F)C=NC2=C1C(=O)NC1=C(C=CN=C1)N1CCN(CC1)C1CC1,12.37124301
CC(C)(C)N1CCN(CC1)C1=C(NC(=O)C2=C3N=CC(Cl)=CN3N=C2N)C=NC=C1,11.8142243
CN(C)[C@H]1CCN(C[C@@H]1O)C1=C(NC(=O)C2=C3N=CC(Cl)=CN3N=C2N)C=NC=C1,13.70714885
CN(C)CC1(O)CCN(CC1)C1=C(NC(=O)C2=C3N=CC(Cl)=CN3N=C2N)C=NC=C1,9.303748859
CN(C)C1CCN(CC1)C1=C(NC(=O)C2=C3N=CC(Cl)=CN3N=C2N)C=NC=C1,9.718574834
NC1=NN2C=C(F)C=NC2=C1C(=O)NC1=C(N2CCN3CCN(CC3C2)C2COC2)C(Cl)=CN=C1,10.00779558
CC(C)N1CCN(CC1)C1=C(NC(=O)C2=C3N=CC(Cl)=CN3N=C2N)C=NC=C1,11.3909218
CN(C)C1CCCN(C1)C1=C(NC(=O)C2=C3N=CC(Cl)=CN3N=C2N)C=NC=C1,12.42310163
CN1CCN(CC1)C1=C(NC(=O)C2=C3N=CC(Cl)=CN3N=C2N)C=NC=C1Cl,14.52629525
NC1=NN2C=C(Cl)C=NC2=C1C(=O)NC1=C(C=CN=C1)N1C2CCC1CC(O)C2,19.73383875
CN1CCCN(CC1)C1=C(NC(=O)C2=C3N=CC(Cl)=CN3N=C2N)C=NC=C1,15.52558657
NC1=NN2C=C(Cl)C=NC2=C1C(=O)NC1=C(C=CN=C1)N1CCN2C=CN=C2C1,18.72671651
CN(C)CN1CCN(CC1)C1=C(NC(=O)C2=C3N=CC(Cl)=CN3N=C2N)C=NC=C1,7.406322334
COC1(CN(C)C)CCN(CC1)C1=C(NC(=O)C2=C3N=CC(Cl)=CN3N=C2N)C=NC=C1,11.0502396
COCC1CN(CCN1C)C1=C(NC(=O)C2=C3N=CC(Cl)=CN3N=C2N)C=NC=C1,20.55747434
NC1=NN2C=C(Cl)C=NC2=C1C(=O)NC1=C(C=CN=C1)N1CCN(CC1)C1CCC1,10.24863656
CN(C)CCN1CCN(CC1)C1=C(NC(=O)C2=C3N=CC(Cl)=CN3N=C2N)C=NC=C1,5.644074679
CN1CCN(CC1)C1=C(NC(=O)C2=C3N=CC(Cl)=CN3N=C2N)C=NC(N)=C1,6.146215569
CCN1CCN(CC1)C1=C(NC(=O)C2=C3N=CC(Cl)=CN3N=C2N)C=NC=C1,14.64244897
CN1CCN(CC1)C1=C(NC(=O)C2=C3N=CC(Cl)=CN3N=C2N)C=NC(Cl)=C1,16.05742016
CN1CCN(CC1(C)C)C1=C(NC(=O)C2=C3N=CC(Cl)=CN3N=C2N)C=NC=C1,12.63296161
CC1CN(CCN1C)C1=C(NC(=O)C2=C3N=CC(Cl)=CN3N=C2N)C=NC=C1,14.97214718
NC1CCCN(C1)C1=C(NC(=O)C2=C3N=CC(Cl)=CN3N=C2N)C=NC=C1,11.69047259
NC1=NN2C=C(Cl)C=NC2=C1C(=O)NC1=C(C=CN=C1)N1CCN2CCC1CC2,7.737176923
CN1CCN(CC1)C1=C(NC(=O)C2=C3N=CC(Cl)=CN3N=C2N)C=NC=C1C,13.07480819
NC1=NN2C=C(Cl)C=NC2=C1C(=O)NC1=C(C=CN=C1)N1CCN(CC1)C1COC1,12.83701554
CN1CCN(CC1)C1=C(NC(=O)C2=C3N=CC(Cl)=CN3N=C2N)C=NC=C1,16.12125436
COCCN1CCN(CC1)C1=C(NC(=O)C2=C3N=CC(Cl)=CN3N=C2N)C=NC=C1,14.29208521
CN1CCN2CCN(CC2C1)C1=C(NC(=O)C2=C3N=CC(Cl)=CN3N=C2N)C=NC=C1,7.837729946
CC1(COC1)N1CCN(CC1)C1=C(NC(=O)C2=C3N=CC(F)=CN3N=C2N)C=NC=C1,10.89990996
CN1CCN(CC1CO)C1=C(NC(=O)C2=C3N=CC(Cl)=CN3N=C2N)C=NC=C1,19.56282189
NC1=NN2C=C(Cl)C=NC2=C1C(=O)NC1=C(C=CN=C1)N1CCN(CC1)C1CC1,11.08946109
NC1=NN2C=C(Cl)C=NC2=C1C(=O)NC1=C(C=CN=C1)N1CCN2CCC[C@@H]2C1,8.586436617
CC1(O)CCN(CC1)C1=C(NC(=O)C2=C3N=CC(Cl)=CN3N=C2N)C=NC=C1,21.49966887
NC1=NN2C=C(Cl)C=NC2=C1C(=O)NC1=C(C=CN=C1)N1CCN(CC(F)(F)F)CC1,12.43289256
NC1=NN2C=C(Cl)C=NC2=C1C(=O)NC1=C(C=CN=C1)N1CCS(=O)CC1,32.33924506
CC(C)(O)C1CCN(CC1)C1=C(NC(=O)C2=C3N=CC(Cl)=CN3N=C2N)C=NC=C1,21.0952939
NC1=NN2C=C(Cl)C=NC2=C1C(=O)NC1=C(C=CN=C1)N1CCNC(C1)C(F)(F)F,11.36288262
NC1=NN2C=C(Cl)C=NC2=C1C(=O)NC1=C(C=CN=C1)N1CCN2CCC[C@H]2C1,9.124838602
CC1CN(C)CCN1C1=C(NC(=O)C2=C3N=CC(Cl)=CN3N=C2N)C=NC=C1,16.09245511
COC1CCN(CC1)C1=C(NC(=O)C2=C3N=CC(Cl)=CN3N=C2N)C=NC=C1,25.37013081
COC(=O)C1CCN(CC1)C1=C(NC(=O)C2=C3N=CC(Cl)=CN3N=C2N)C=NC=C1,37.98968006
NC1=NN2C=C(Cl)C=NC2=C1C(=O)NC1=C(C=CN=C1)N1CCN2C=NC=C2C1,15.80611009
CN1CCN(CC1)C1=C(NC(=O)C2=C3N=CC(=CN3N=C2N)C(C)(C)C#N)C=NC=C1,10.57181222
NC1=NN2C=C(CC#N)C=NC2=C1C(=O)NC1=C(C=CN=C1)N1CCCC1,39.84966099
CC(C#N)C1=CN2N=C(N)C(C(=O)NC3=C(C=CN=C3)N3CCN(C)CC3)=C2N=C1,13.22143497
NC1=NN2C=C(CC#N)C=NC2=C1C(=O)NC1=C(C=CN=C1)N1CCCCCC1,30.59630424
CN1CCN(CC1)C1=C(NC(=O)C2=C3N=CC(CC#N)=CN3N=C2N)C=NC=C1F,17.72143153
NC1=NN2C=C(CC#N)C=NC2=C1C(=O)NC1=C(C=CN=C1)N1CCOCC1,68.78392225
CN1CCN(CC1)C1=C(NC(=O)C2=C3N=CC(CC#N)=CN3N=C2N)C=NC=C1,19.88697683
NC1=NN2C=C(CC#N)C=NC2=C1C(=O)NC1=C(C=CN=C1)N1CCC(O)CC1,45.46470535
NC1=NN2C=C(CC#N)C=NC2=C1C(=O)NC1=C(C=CN=C1)N1CCCCC1,31.21282364
CN1CCN(CC1)C1=C(NC(=O)C2=C3N=CC(F)=CN3N=C2N)C=NC=C1Cl,17.45444718
NC1CCN(CC1)C1=C(NC(=O)C2=C3N=CC(Cl)=CN3N=C2N)C=NC=C1,9.189377097
CNC1CCN(CC1)C1=C(NC(=O)C2=C3N=CC(Cl)=CN3N=C2N)C=NC=C1,8.111090518
NC1=NN2C=C(Cl)C=NC2=C1C(=O)NC1=C(C=CN=C1)N1CCNCC1,13.13553952
NC1=NN2C=C(CC#N)C=NC2=C1C(=O)NC1=C(C=CN=C1)N1CCNCC1,14.43775598
NCC1CN(CCO1)C1=C(NC(=O)C2=C3N=CC(CC#N)=CN3N=C2N)C=NC=C1,17.03841737
NCC1CCN(CC1)C1=C(NC(=O)C2=C3N=CC(Cl)=CN3N=C2N)C=NC=C1,7.896974995
NC1=NN2C=C(F)C=NC2=C1C(=O)NC1=C(C=CN=C1)N1CCC(CC1)C(O)=O,106.3916561
NC1=NN2C=C(Cl)C=NC2=C1C(=O)NC1=C(C=CN=C1)N1CCC(CC1)N1CCC1,6.964707343
CN(C)C1CN(C1)C1CCN(CC1)C1=C(NC(=O)C2=C3N=CC(Cl)=CN3N=C2N)C=NC=C1,6.356881482
COC1CCN(C1)C1CCN(CC1)C1=C(NC(=O)C2=C3N=CC(Cl)=CN3N=C2N)C=NC=C1,7.953254256
CN1CCN(CC1)C1CCN(CC1)C1=C(NC(=O)C2=C3N=CC(Cl)=CN3N=C2N)C=NC=C1,5.63322847
NC1=NN2C=C(Cl)C=NC2=C1C(=O)NC1=C(C=CN=C1)N1CCC(CC1)N1CC[C@@H](F)C1,6.967844934
NC1=NN2C=C(Cl)C=NC2=C1C(=O)NC1=C(C=CN=C1)N1CCC(CC1)N1CCC2(COC2)C1,7.51049485
NC1=NN2C=C(Cl)C=NC2=C1C(=O)NC1=C(C=CN=C1)N1CCC(CC1)N1CCS(=O)CC1,9.720852401
NC1=NN2C=C(Cl)C=NC2=C1C(=O)NC1=C(C=CN=C1)N1CCC(CC1)N1CCN2C=NC=C2C1,5.150537149
NC1=NN2C=C(Cl)C=NC2=C1C(=O)NC1=C(C=CN=C1)N1CCC(CC1)N1CCN2C=CN=C2C1,5.050112643
NC1=NN2C=C(Cl)C=NC2=C1C(=O)NC1=C(C=CN=C1)N1CCC(CC1)N1CC[C@H](F)C1,7.357450337
NC1=NN2C=C(Cl)C=NC2=C1C(=O)NC1=C(C=CN=C1)N1CCC(CC1)N1CCOCC1,10.60420119
NC1=NN2C=C(Cl)C=NC2=C1C(=O)NC1=C(C=CN=C1)N1CCC(CC1)N1CCCC1,7.846920638
CN(C)C1CCN(C1)C1CCN(CC1)C1=C(NC(=O)C2=C3N=CC(Cl)=CN3N=C2N)C=NC=C1,5.088931765
COC1CN(C1)C1CCN(CC1)C1=C(NC(=O)C2=C3N=CC(Cl)=CN3N=C2N)C=NC=C1,9.139730474
NC1=NN2C=C(Cl)C=NC2=C1C(=O)NC1=C(C=CN=C1)N1CCC(CC1)N1CC(F)(F)C1,9.312088189
NC1=NN2C=C(Cl)C=NC2=C1C(=O)NC1=C(C=CN=C1)N1CCC(CC1)N1CCC11COC1,7.698324954
CN1CCN(CC1)C1=C(NC(=O)C2=C3N=CC(F)=CN3N=C2N)C=NC=C1C(F)F,15.47414429
CN1CCN(CC1)C1=C(NC(=O)C2=C3N=CC(F)=CN3N=C2N)C=NC=C1C#N,16.24171997
NC1=NN2C=C(F)C=NC2=C1C(=O)NC1=C(C=CN=C1)N1CCN2CCOCC2C1,21.07459131
NC1=NN2C=C(F)C=NC2=C1C(=O)NC1=C(C=CN=C1)N1CCN2CCOC[C@H]2C1,19.06023355
NC1=NN2C=C(Cl)C=NC2=C1C(=O)NC1=C(N2CCN(CC2)C2COC2)C(F)=CN=C1,12.21110744
NC1=NN2C=C(F)C=NC2=C1C(=O)NC1=C(N2CCNCC2)C(F)=CN=C1,13.19744902
NC1=NN2C=C(F)C=NC2=C1C(=O)NC1=C(N2CCN(CC2)[C@@H]2CCOC2)C(=CN=C1)C1CC1,9.460308735
NC1=NN2C=C(F)C=NC2=C1C(=O)NC1=C(N2CCN(CC2)[C@H]2CCOC2)C(=CN=C1)C1CC1,9.22407305
NC1=NN2C=C(F)C=NC2=C1C(=O)NC1=C(N2CCN(CC2)C2CCOCC2)C(F)=CN=C1,14.06443384
NC1=NN2C=C(F)C=NC2=C1C(=O)NC1=C(N2CCN(CC2)C2CCOC2)C(F)=CN=C1,15.94821833
CC1=CN=CC(NC(=O)C2=C3N=CC(F)=CN3N=C2N)=C1N1CCN(CC1)C1CCOCC1,11.54271912
NC1=NN2C=C(F)C=NC2=C1C(=O)NC1=C(N2CCN(CC2)C2CCOC2)C(Cl)=CN=C1,14.3865993
NC1=NN2C=C(F)C=NC2=C1C(=O)NC1=C(N2CCN(CC2)[C@H]2CCOC2)C(F)=CN=C1,17.47373739
NC1=NN2C=C(F)C=NC2=C1C(=O)NC1=C(N2CCNCC2)C(Cl)=CN=C1,11.73512329
COCCN1CCN(CC1)C1=C(NC(=O)C2=C3N=CC(F)=CN3N=C2N)C=NC=C1F,17.02948313
CN1CCC(CC1)C(=O)N1CCN(CC1)C1=C(NC(=O)C2=C3N=CC(F)=CN3N=C2N)C=NC=C1F,8.375013933
CNC1=CC(N2CCN(C)CC2)=C(NC(=O)C2=C3N=CC(F)=CN3N=C2N)C=N1,4.945048645
NC1=NN2C=C(F)C=NC2=C1C(=O)NC1=C(N2CCN(CC2)C(=O)C2CN3CCC2CC3)C(F)=CN=C1,7.210580689
CN1CC[C@H](C1)OC1CCN(CC1)C1=C(NC(=O)C2=C3N=CC(F)=CN3N=C2N)C=NC=C1,8.541862237
CN1CC[C@H](C1)OC1CCN(CC1)C1=C(NC(=O)C2=C3N=CC(F)=CN3N=C2N)C=NC=C1F,8.379352132
CN1CCN(CC11CCOCC1)C1=C(NC(=O)C2=C3N=CC(F)=CN3N=C2N)C=NC=C1,22.67574515
NC1=NN2C=C(F)C=NC2=C1C(=O)NC1=C(N2CCN(CC2)C(=O)C23CCN(CC2)CC3)C(F)=CN=C1,6.732020226
NC1=NN2C=C(F)C=NC2=C1C(=O)NC1=C(N2CCN3CCOC[C@H]3C2)C(F)=CN=C1,19.14728032
NC1=NN2C=C(F)C=NC2=C1C(=O)NC1=C(C=CN=C1)N1CCN2C(COCC2=O)C1,43.8345683
NC1=NN2C=C(F)C=NC2=C1C(=O)NC1=C(N2CCN3CCOC[C@@H]3C2)C(F)=CN=C1,17.87500744
CN1CCN(CC1)C1=C(NC(=O)C2=C3N=CC(=CN3N=C2N)C(C)(C)C#N)C=NC=C1F,10.66049245
CC(C)(O)CN1CCN(CC1)C1=C(NC(=O)C2=C3N=CC(F)=CN3N=C2N)C=NC=C1F,14.26129817
CN1CCN(CC1)C(=O)N1CCN(CC1)C1=C(NC(=O)C2=C3N=CC(F)=CN3N=C2N)C=NC=C1F,12.81322437
NC1=NN2C=C(F)C=NC2=C1C(=O)NC1=C(C=CN=C1)N1CCOCC1,45.58966814
CC(C)(C#N)C1=CN2N=C(N)C(C(=O)NC3=C(C=CN=C3)N3CCN(CC3)C3COC3)=C2N=C1,9.625764759
CC(C#N)C1=CN2N=C(N)C(C(=O)NC3=C(C=CN=C3)N3CCN(CC3)C3COC3)=C2N=C1,12.18778366
CC(C)(C#N)C1=CN2N=C(N)C(C(=O)NC3=C(N4CCN(CC4)C4COC4)C(F)=CN=C3)=C2N=C1,9.047117141
CC(C#N)C1=CN2N=C(N)C(C(=O)NC3=C(N4CCC(CC4)C4COC4)C(F)=CN=C3)=C2N=C1,16.54502624
CN(C)S(=O)(=O)C1CCN(CC1)C1=C(NC(=O)C2=C3N=CC(F)=CN3N=C2N)C=NC=C1F,23.91524893
NC1=NN2C=C(F)C=NC2=C1C(=O)NC1=C(N2CCC(CC2)N2CCCC2=O)C(F)=CN=C1,18.3461154
CN(C1CCN(C)CC1)S(=O)(=O)C1CCN(CC1)C1=C(NC(=O)C2=C3N=CC(F)=CN3N=C2N)C=NC=C1F,9.048354899
NC1=NN2C=C(F)C=NC2=C1C(=O)NC1=C(N2CCC(CN3CCOCC3)CC2)C(F)=CN=C1,8.509580182
CN1CCN(CC2CCN(CC2)C2=C(NC(=O)C3=C4N=CC(F)=CN4N=C3N)C=NC=C2F)CC1,5.919898278
CN1CCN(C2CCN(CC2)C2=C(NC(=O)C3=C4N=CC(F)=CN4N=C3N)C=NC=C2F)C(=O)C1,11.31775295
NC1=NN2C=C(F)C=NC2=C1C(=O)NC1=C(C=CN=C1)N1CCCCC1,28.02989496
CN1CCC(CC1)OC1CCN(CC1)C1=C(NC(=O)C2=C3N=CC(F)=CN3N=C2N)C=NC=C1,7.007083178
NC1=NN2C=C(F)C=NC2=C1C(=O)NC1=C(N2CCC(CC2)S(=O)(=O)N2CCOCC2)C(F)=CN=C1,23.35250762
CN1CCC(C1)C(=O)N1CCN(CC1)C1=C(NC(=O)C2=C3N=CC(F)=CN3N=C2N)C=NC=C1F,10.16692356
CN1CCC[C@H]1C(=O)N1CCN(CC1)C1=C(NC(=O)C2=C3N=CC(F)=CN3N=C2N)C=NC=C1F,10.06577629
NC1=NN2C=C(F)C=NC2=C1C(=O)NC1=C(N2CCN(CC2)S(=O)(=O)C2CCOCC2)C(F)=CN=C1,30.56205757
NC1=NN2C=C(F)C=NC2=C1C(=O)NC1=C(N2CCN(CC2)S(=O)(=O)C2CC2)C(F)=CN=C1,23.51557282
NC1=NN2C=C(F)C=NC2=C1C(=O)NC1=C(N2CCN(CC2)C(=O)CN2CCC2)C(F)=CN=C1,9.187959368
CC1=NN(C=N1)C1=C(NC(=O)C2=C3N=CC(F)=CN3N=C2N)C=NC=C1,28.36882305
CC1=NC=NN1C1=C(NC(=O)C2=C3N=CC(F)=CN3N=C2N)C=NC=C1,36.46217021
NC1=NN2C=C(F)C=NC2=C1C(=O)NC1=C(N2CCN3C(CCC3=O)C2)C(F)=CN=C1,31.51135265
CN1CC(C1)OC1CCN(CC1)C1=C(NC(=O)C2=C3N=CC(F)=CN3N=C2N)C=NC=C1,9.540403082
CS(=O)(=O)C1CCN(CC1)C1=C(NC(=O)C2=C3N=CC(F)=CN3N=C2N)C=NC=C1F,30.77256004
CN1CCN(CC1)S(=O)(=O)C1CCN(CC1)C1=C(NC(=O)C2=C3N=CC(F)=CN3N=C2N)C=NC=C1F,11.47907592
NC1=NN2C=C(F)C=NC2=C1C(=O)NC1=C(N2CCC(CC2)OCCN2CCCC2)C(F)=CN=C1,8.536063057
NC1=NN2C=C(F)C=NC2=C1C(=O)NC1=C(N2CCN(CC2)C(=O)C2CNC2)C(F)=CN=C1,8.360665825
NC1=NN2C=C(F)C=NC2=C1C(=O)NC1=C(N2CCC(CC2)S(=O)(=O)N2CCC2)C(F)=CN=C1,21.11942345
NC1=NN2C=C(F)C=NC2=C1C(=O)NC1=C(C=CN=C1)N1CCC(CC1)S(=O)(=O)N1CCOCC1,23.80740945
CN1CCN(CC2CCN(CC2)C2=C(NC(=O)C3=C4N=CC(F)=CN4N=C3N)C=NC=C2F)CC1=O,12.3839911
NC1=NN2C=C(F)C=NC2=C1C(=O)NC1=C(N2CCN(CC2)C(=O)C2CNCCO2)C(F)=CN=C1,10.31650407
CN1CCCCC1C(=O)N1CCN(CC1)C1=C(NC(=O)C2=C3N=CC(F)=CN3N=C2N)C=NC=C1F,9.05869539
CN1CCOC(C1)C(=O)N1CCN(CC1)C1=C(NC(=O)C2=C3N=CC(F)=CN3N=C2N)C=NC=C1F,12.78189392
CN1CCC(CC1)S(=O)(=O)N1CCN(CC1)C1=C(NC(=O)C2=C3N=CC(F)=CN3N=C2N)C=NC=C1F,8.638519274
NC1=NN2C=C(F)C=NC2=C1C(=O)NC1=C(C=CN=C1)N1CCN(CC1)S(=O)(=O)C1CC1,22.92359453
NC1=NN2C=C(F)C=NC2=C1C(=O)NC1=C(C=CN=C1)N1CCN(CC1)S(=O)(=O)C1CCOCC1,34.08076085
CS(=O)(=O)N1CCN(CC1)C1=C(NC(=O)C2=C3N=CC(F)=CN3N=C2N)C=NC=C1,36.17909753
NC1=NN2C=C(F)C=NC2=C1C(=O)NC1=C(C=CN=C1)N1CCN(CC1)S(=O)(=O)C1CCOC1,35.27532691
NC1=NN2C=C(C=NC2=C1C(=O)NC1=C(N2CCN(CC2)C2COC2)C(F)=CN=C1)C1(CC1)C#N,9.384319224
CN1CCC[C@@H]1C(=O)N1CCN(CC1)C1=C(NC(=O)C2=C3N=CC(F)=CN3N=C2N)C=NC=C1F,10.85693435
NC1=NN2C=C(F)C=NC2=C1C(=O)NC1=C(N2CCN3[C@H](CCC3=O)C2)C(F)=CN=C1,28.82793505
CN1CCOC2(CCN(CC2)C2=C(NC(=O)C3=C4N=CC(F)=CN4N=C3N)C=NC=C2)C1,10.38009425
NC1=NN2C=C(F)C=NC2=C1C(=O)NC1=C(N2CCC(CC2)C2=NC=CS2)C(F)=CN=C1,11.80896707
CCN1CCCC1C(=O)N1CCN(CC1)C1=C(NC(=O)C2=C3N=CC(F)=CN3N=C2N)C=NC=C1F,9.796252651
NC1=NN2C=C(F)C=NC2=C1C(=O)NC1=C(N2CCN(CC2)C(=O)CN2CCCC2)C(F)=CN=C1,12.79585901
CN1CCC(CC1)S(=O)(=O)N1CCN(CC1)C1=C(NC(=O)C2=C3N=CC(F)=CN3N=C2N)C=NC=C1,9.382520685
NC1=NN2C=C(F)C=NC2=C1C(=O)NC1=C(N2CCC(CC2)N2CCOCC2)C(F)=CN=C1,12.42900334
CS(=O)(=O)C1CCN(CC1)C1=C(NC(=O)C2=C3N=CC(F)=CN3N=C2N)C=NC=C1,28.91501202
CN1CCN(CC1)C(=O)C1CCN(C1)C1=C(NC(=O)C2=C3N=CC(F)=CN3N=C2N)C=NC=C1F,14.88457496
CN1CCN(CC2CCN(CC2)C2=C(NC(=O)C3=C4N=CC(=CN4N=C3N)C3(CC3)C#N)C=NC=C2F)CC1,4.619664704
CN1CCN(CC2CCN(CC2)C2=C(NC(=O)C3=C4N=CC(F)=CN4N=C3N)C=NC=C2F)C(=O)C1,12.04540517
CN1CC(C1)C(=O)N1CCN(CC1)C1=C(NC(=O)C2=C3N=CC(F)=CN3N=C2N)C=NC=C1F,10.55295548
NC1=NN2C=C(F)C=NC2=C1C(=O)NC1=C(C=CN=C1)N1CCN(CC1)S(=O)(=O)C1COC1,30.37968854
NC1=NN2C=C(F)C=NC2=C1C(=O)NC1=C(C=CN=C1)N1CCN(CC1)S(=O)(=O)N1CCN2CCC1CC2,9.646839893
NC1=NN2C=C(F)C=NC2=C1C(=O)NC1=C(C=CN=C1)N1CCC(CN2CCC(F)(F)C2)CC1,7.402182343
CN1CCC[C@H]1C(=O)N1CCN(CC1)C1=C(NC(=O)C2=C3N=CC(F)=CN3N=C2N)C=NC=C1,10.0220927
CN1CCC[C@@H]1C(=O)N1CCN(CC1)C1=C(NC(=O)C2=C3N=CC(F)=CN3N=C2N)C=NC=C1,10.67074627
NC1=NN2C=C(F)C=NC2=C1C(=O)NC1=C(C=CN=C1)N1CCC(CC1)S(=O)(=O)N1CCC1,23.16755209
NC1=NN2C=C(F)C=NC2=C1C(=O)NC1=C(N2CCN(CC2)S(=O)(=O)C2COC2)C(F)=CN=C1,24.86765316
NC1=NN2C=C(F)C=NC2=C1C(=O)NC1=C(C=CN=C1)N1C=CN=C1C1CC1,12.17055045
NC1=NN2C=C(F)C=NC2=C1C(=O)NC1=C(N2CCN(CC2)C(=O)C2CC3CCCCN3C2)C(F)=CN=C1,7.938256536
CCN1CCCCC1C(=O)N1CCN(CC1)C1=C(NC(=O)C2=C3N=CC(F)=CN3N=C2N)C=NC=C1F,9.196235139
CC(C)N1CCCC1C(=O)N1CCN(CC1)C1=C(NC(=O)C2=C3N=CC(F)=CN3N=C2N)C=NC=C1F,8.99046401
CC(C)N1CCC(C1)C(=O)N1CCN(CC1)C1=C(NC(=O)C2=C3N=CC(F)=CN3N=C2N)C=NC=C1F,8.616140875
CCN1CCC(C1)C(=O)N1CCN(CC1)C1=C(NC(=O)C2=C3N=CC(F)=CN3N=C2N)C=NC=C1F,8.368723016
COCCS(=O)(=O)C1CCN(CC1)C1=C(NC(=O)C2=C3N=CC(F)=CN3N=C2N)C=NC=C1,33.05104178
CN1CCN(CC1=O)C1=C(NC(=O)C2=C3N=CC(F)=CN3N=C2N)C=NC=C1,36.3795078
NC1=NN2C=C(F)C=NC2=C1C(=O)NC1=C(C=CN=C1)N1CCS(=O)(=O)CC1,39.39089103
NC1=NN2C=C(F)C=NC2=C1C(=O)NC1=C(N2CCN(CC2)C(=O)C2CCN(CC2)C2COC2)C(F)=CN=C1,10.91350821
CN1CCN(CC1=O)C1=C(NC(=O)C2=C3N=CC(F)=CN3N=C2N)C=NC=C1F,33.63327178
NC1=NN2C=C(F)C=NC2=C1C(=O)NC1=C(N2CCC(CN3CCCC3=O)CC2)C(F)=CN=C1,16.5399999
CS(=O)(=O)CC1CCN(CC1)C1=C(NC(=O)C2=C3N=CC(F)=CN3N=C2N)C=NC=C1,24.90385753
CN1CC2(CCN(CC2)C2=C(NC(=O)C3=C4N=CC(F)=CN4N=C3N)C=NC=C2)OC1=O,22.5333546
NC1=NN2C=C(F)C=NC2=C1C(=O)NC1=C(C=CN=C1)N1CCN2[C@@H](CCC2=O)C1,30.98045611
CC1=NN(C(C)=N1)C1=C(NC(=O)C2=C3N=CC(F)=CN3N=C2N)C=NC=C1,35.34462619
NC1=NN2C=C(F)C=NC2=C1C(=O)NC1=C(C=CN=C1)N1C=CN=C1C(F)(F)F,21.2000128
CC1(C)CCCN1C1=C(NC(=O)C2=C3N=CC(F)=CN3N=C2N)C=NC=C1,33.32004099
CS(=O)(=O)C1CCCN(C1)C1=C(NC(=O)C2=C3N=CC(F)=CN3N=C2N)C=NC=C1,32.91918404
NC1=NN2C=C(F)C=NC2=C1C(=O)NC1=C(C=CN=C1)N1CC2CCCN2C(=O)C1,37.89926625
CC1=CC=NN1C1=C(NC(=O)C2=C3N=CC(F)=CN3N=C2N)C=NC=C1,33.47173477
CN1C[C@@H]2CCN(C[C@@H]2C1=O)C1=C(NC(=O)C2=C3N=CC(F)=CN3N=C2N)C=NC=C1,17.17084895
CC1=NN(C=C1)C1=C(NC(=O)C2=C3N=CC(F)=CN3N=C2N)C=NC=C1,36.30214687
NC1=NN2C=C(F)C=NC2=C1C(=O)NC1=C(C=CN=C1)N1CCC2(COC2)CC1,17.74488357
CN1CCOCC1C(=O)N1CCN(CC1)C1=C(NC(=O)C2=C3N=CC(F)=CN3N=C2N)C=NC=C1F,15.22648747
NC1=NN2C=C(F)C=NC2=C1C(=O)NC1=C(N2CCN(CC(=O)N3CCC3)CC2)C(F)=CN=C1,20.49109469
CN1CC2(CCN(CC2)C2=C(NC(=O)C3=C4N=CC(F)=CN4N=C3N)C=NC=C2F)OC1=O,21.62325582
NC1=NN2C=C(F)C=NC2=C1C(=O)NC1=C(C=CN=C1)N1CCC(CC1)N1CCCC1=O,18.23560741
CN1CC2(CCN(CC2)C2=C(NC(=O)C3=C4N=CC(F)=CN4N=C3N)C=NC=C2)CCC1=O,24.98154814
NC1=NN2C=C(F)C=NC2=C1C(=O)NC1=C(N2CC3CCCN3C(=O)C2)C(F)=CN=C1,31.41380302
CN1CCN2CCN(CC2C1=O)C1=C(NC(=O)C2=C3N=CC(F)=CN3N=C2N)C=NC=C1,19.83369725
CN(C)C(=O)C1CN(CCO1)C1=C(NC(=O)C2=C3N=CC(F)=CN3N=C2N)C=NC=C1,50.7968453
CN1C(=O)CCC11CCN(CC1)C1=C(NC(=O)C2=C3N=CC(F)=CN3N=C2N)C=NC=C1,22.69432008
CN1CC2(CC1=O)CCN(CC2)C1=C(NC(=O)C2=C3N=CC(F)=CN3N=C2N)C=NC=C1,21.73359085
CC1=CC=NN1C1=C(NC(=O)C2=C3N=CC(F)=CN3N=C2N)C=NC=C1C,24.47361456
NC1=NN2C=C(F)C=NC2=C1C(=O)NC1=C(C=CN=C1)N1CCN2C(COC2=O)C1,39.21521614
NC1=NN2C=C(F)C=NC2=C1C(=O)NC1=C(N2CCC3(COC3)CC2)C(F)=CN=C1,18.96046253
CN1CCN2CCN(CC2C1=O)C1=C(NC(=O)C2=C3N=CC(F)=CN3N=C2N)C=NC=C1F,16.47417849
NC1=NN2C=C(F)C=NC2=C1C(=O)NC1=C(C=CN=C1)N1CCC(CC1)C1=NOC=N1,14.75809625
CC1(CCN(CC1)C1=C(NC(=O)C2=C3N=CC(F)=CN3N=C2N)C=NC=C1)S(C)(=O)=O,25.06284509
NC1=NN2C=C(F)C=NC2=C1C(=O)NC1=C(C=CN=C1)N1CCN2C(CCCC2=O)C1,34.58150959
NC1=NN2C=C(F)C=NC2=C1C(=O)NC1=C(N2CCCC2)C(F)=CN=C1,33.20048667
NC1=NN2C=C(F)C=NC2=C1C(=O)NC1=C(C=CN=C1)N1CCN2[C@@H](CCS2(=O)=O)C1,28.34000093
NC1=NN2C=C(F)C=NC2=C1C(=O)NC1=C(N2CCN3[C@H](COC3=O)C2)C(F)=CN=C1,30.54846652
NC1=NN2C=C(F)C=NC2=C1C(=O)NC1=C(C=CN=C1)N1CCN(CC1)C(=O)C1COC1,26.88846511
NC1=NN2C=C(F)C=NC2=C1C(=O)NC1=C(N2CCS(=O)(=O)CC2)C(F)=CN=C1,44.42048838
CC(=O)N1CC2(C1)CCN(CC2)C1=C(NC(=O)C2=C3N=CC(F)=CN3N=C2N)C=NC=C1,16.52380284
CC1(C)CN(CCS1(=O)=O)C1=C(NC(=O)C2=C3N=CC(F)=CN3N=C2N)C=NC=C1,30.14801542
NC1=NN2C=C(F)C=NC2=C1C(=O)NC1=C(C=CN=C1)N1CCCC2(COC2)C1,27.65593495
CC(=O)N1CCN(CC1)C1=C(NC(=O)C2=C3N=CC(F)=CN3N=C2N)C=NC=C1,41.41919201
NC1=NN2C=C(F)C=NC2=C1C(=O)NC1=C(C=CN=C1)N1CCC2(CCNC2)CC1,6.264783431
CC1=NN=C(O1)N1CCN(CC1)C1=C(NC(=O)C2=C3N=CC(F)=CN3N=C2N)C=NC=C1,19.35962175
CC(=O)N1CCC2(C1)CCN(CC2)C1=C(NC(=O)C2=C3N=CC(F)=CN3N=C2N)C=NC=C1,19.15531923
NC1=NN2C=C(F)C=NC2=C1C(=O)NC1=C(C=CN=C1)N1CCN2[C@H](CCC2=O)C1,27.70279785
CN1C=CC2=CN=CC(NC(=O)C3=C4N=CC(F)=CN4N=C3N)=C12,17.8442667
CC1=NON=C1N1CCN(CC1)C1=C(NC(=O)C2=C3N=CC(F)=CN3N=C2N)C=NC=C1,10.66583442
COC(=O)N1CCN(CC1)C1=C(NC(=O)C2=C3N=CC(F)=CN3N=C2N)C=NC=C1F,27.7973667
CC(=O)N1CCCC11CCN(CC1)C1=C(NC(=O)C2=C3N=CC(F)=CN3N=C2N)C=NC=C1,24.64613393
CC1=NN=CN1C1=C(NC(=O)C2=C3N=CC(F)=CN3N=C2N)C=NC=C1,33.12563074
NC1=NN2C=C(F)C=NC2=C1C(=O)NC1=C(C=CN=C1)N1CCCCCC1,28.42166635
CC1=NN=C(O1)C1CCN(CC1)C1=C(NC(=O)C2=C3N=CC(F)=CN3N=C2N)C=NC=C1,17.02434722
COC1CCN(CC1)C1=C(NC(=O)C2=C3N=CC(F)=CN3N=C2N)C=NC=C1,29.95251812
CN(C)CC1CCN(CC1)C1=C(NC(=O)C2=C3N=CC(F)=CN3N=C2N)C=NC=C1,8.246545568
NC1=NN2C=C(F)C=NC2=C1C(=O)NC1=C(C=CN=C1)N1CCC(CC1)C1=NN=CO1,16.24291998
CC1=C(C)N(C=N1)C1=C(NC(=O)C2=C3N=CC(F)=CN3N=C2N)C=NC=C1,18.81652344
NC1=NN2C=C(F)C=NC2=C1C(=O)NC1=C(N2CCCCC2)C(F)=CN=C1,29.94148978
CN1CCOC2(CCN(CC2)C2=C(NC(=O)C3=C4N=CC(F)=CN4N=C3N)C=NC=C2F)C1,10.91311033
NC1=NN2C=C(F)C=NC2=C1C(=O)NC1=C(N2CCC(CC2)S(=O)(=O)N2CCN3CCC2CC3)C(F)=CN=C1,7.49837345
NC1=NN2C=C(F)C=NC2=C1C(=O)NC1=C(N2CCN(CC2)C(=O)C2CCOC2)C(F)=CN=C1,28.20682449
CC(=O)N1CCN(CC1)C1=C(NC(=O)C2=C3N=CC(F)=CN3N=C2N)C=NC=C1F,38.63438772
NC1=NN2C=C(F)C=NC2=C1C(=O)NC1=C(N2CCN(CC2)C(=O)C2CC2)C(F)=CN=C1,19.95704055
NC1=NN2C=C(F)C=NC2=C1C(=O)NC1=C(N2CCN3C(CCCC3=O)C2)C(F)=CN=C1,30.73350827
NC1=NN2C=C(F)C=NC2=C1C(=O)NC1=C(N2CCN(CC2)C(=O)C2COC2)C(F)=CN=C1,24.76178591
NC1=NN2C=C(F)C=NC2=C1C(=O)NC1=C(N2CCN3[C@@H](CCCC3=O)C2)C(F)=CN=C1,30.59594216
NC1=NN2C=C(F)C=NC2=C1C(=O)NC1=C(N2CCN3[C@H](CCCC3=O)C2)C(F)=CN=C1,35.42888651
NC1=NN2C=C(F)C=NC2=C1C(=O)NC1=C(N2CCCC2)C(Cl)=CN=C1,31.87144655
COCC1CCN(CC1)C1=C(NC(=O)C2=C3N=CC(F)=CN3N=C2N)C=NC=C1,26.34605102
CC1=CN=CN1C1=C(NC(=O)C2=C3N=CC(F)=CN3N=C2N)C=NC=C1,15.20236227
NC1=NN2C=C(F)C=NC2=C1C(=O)NC1=C(N2CCC(O)C2)C(Cl)=CN=C1,28.65749777
NC1=NN2C=C(F)C=NC2=C1C(=O)NC1=C(N2CC[C@H](C2)C#N)C(Cl)=CN=C1,28.4624111
CN1CC2CN(CC2C1)C1=C(NC(=O)C2=C3N=CC(F)=CN3N=C2N)C=NC=C1Cl,6.067787527
CS(=O)(=O)C1CCN(C1)C1=C(NC(=O)C2=C3N=CC(F)=CN3N=C2N)C=NC=C1Cl,34.29642037
NC1=NN2C=C(F)C=NC2=C1C(=O)NC1=C(N2CCC(CC2)N2C=CN=C2)C(F)=CN=C1,12.11638551
CN1CCN(CC1)C(=O)C1CCCN(C1)C1=C(NC(=O)C2=C3N=CC(F)=CN3N=C2N)C=NC=C1F,12.22947591
CN(C)C(=O)C1CCCN(C1)C1=C(NC(=O)C2=C3N=CC(F)=CN3N=C2N)C=NC=C1,35.59911217
CN1CC[C@@H](C1)OC1=C(NC(=O)C2=C3N=CC(F)=CN3N=C2N)C=NC=C1,16.12954322
NC1=NN2C=C(CC#N)C=NC2=C1C(=O)NC1=C(OC2CCCNC2)C=CN=C1,14.62325373
CN(C)CC1=NC=C(OC2=C(NC(=O)C3=C4N=CC(F)=CN4N=C3N)C=NC=C2)C=C1,6.934442679
COC1=C(NC(=O)C2=C3N=CC(F)=CN3N=C2N)C=NC=C1,54.11356025
NC1=NN2C=C(F)C=NC2=C1C(=O)NC1=C(O[C@H]2CN3CCC2CC3)C=CN=C1,11.64791223
NC1=NN2C=C(F)C=NC2=C1C(=O)NC1=C(OC2CN3CCC2CC3)C=CN=C1,11.81655782
NC1=NN2C=C(F)C=NC2=C1C(=O)NC1=C(OC2=CN=CC=C2)C=CN=C1,26.82994834
NC1=NN2C=C(F)C=NC2=C1C(=O)NC1=C(OC2CCC(CC2)C(O)=O)C=CN=C1,73.9310511
NC1=NN2C=C(F)C=NC2=C1C(=O)NC1=C(O[C@H]2CCCN(C2)C2COC2)C=CN=C1,15.35633221
NC1=NN2C=C(F)C=NC2=C1C(=O)NC1=C(O[C@@H]2CN3CCC2CC3)C=CN=C1,12.10794921
NC1=NN2C=C(F)C=NC2=C1C(=O)NC1=C(OC2CCN(CC2)C2COC2)C=CN=C1,14.71158703
CN1CCC(CC1)OC1=C(NC(=O)C2=C3N=CC(F)=CN3N=C2N)C=NC=C1,13.41146531
COC(=O)[C@H]1CC[C@@H](CC1)OC1=C(NC(=O)C2=C3N=CC(F)=CN3N=C2N)C=NC=C1,30.4448295
CCOC1=C(NC(=O)C2=C3N=CC(F)=CN3N=C2N)C=NC=C1,43.35616116
NC1=NN2C=C(F)C=NC2=C1C(=O)NC1=C(OC2CCOC2)C=CN=C1,41.54719716
NC1=NN2C=C(F)C=NC2=C1C(=O)NC1=C(O[C@@H]2CN3C=CN=C3C2)C=CN=C1,13.43564996
CN(C)C(=O)[C@@H]1CC[C@@H](CC1)OC1=C(NC(=O)C2=C3N=CC(F)=CN3N=C2N)C=NC=C1,25.24620218
COC(=O)[C@@H]1CC[C@@H](CC1)OC1=C(NC(=O)C2=C3N=CC(F)=CN3N=C2N)C=NC=C1,26.14307292
CN1CCN(CC1)C(=O)[C@@H]1CC[C@@H](CC1)OC1=C(NC(=O)C2=C3N=CC(F)=CN3N=C2N)C=NC=C1,9.821602679
CCC(C#N)C1=CN2N=C(N)C(C(=O)NC3=C(OC)C=CN=C3)=C2N=C1,42.11273539
COC1=C(NC(=O)C2=C3N=CC(=CN3N=C2N)C(C)C#N)C=NC=C1,43.23756366
NC1=NN2C=C(CC#N)C=NC2=C1C(=O)NC1=C(OC2CN3CCC2CC3)C=CN=C1,12.9147241
CN1CCC(CC1)OC1=C(NC(=O)C2=C3N=CC(CC#N)=CN3N=C2N)C=NC=C1,17.08459252
CN(C)CCOC1=C(NC(=O)C2=C3N=CC(CC#N)=CN3N=C2N)C=NC=C1,16.8342388
NC1=NN2C=C(CC#N)C=NC2=C1C(=O)NC1=C(OC2=CC=CC=C2)C=CN=C1,35.14976717
COC1=C(NC(=O)C2=C3N=CC(CC#N)=CN3N=C2N)C=NC=C1,63.12097469
COC1=C(NC(=O)C2=C3N=CC(CC#N)=CN3N=C2N)C=NC(Cl)=C1,81.07423947
CCOC1=C(NC(=O)C2=C3N=CC(CC#N)=CN3N=C2N)C=NC=C1,53.21820271
COCCOC1=C(NC(=O)C2=C3N=CC(CC#N)=CN3N=C2N)C=NC=C1,60.67110188
NC1=NN2C=C(CC#N)C=NC2=C1C(=O)NC1=C(OC2CCOCC2)C=CN=C1,44.50431624
NC1=NN2C=C(CC#N)C=NC2=C1C(=O)NC1=C(O[C@@H]2CCOC2)C=CN=C1,47.53176481
NC1=NN2C=C(CC#N)C=NC2=C1C(=O)NC1=C(OCC2CC2)C=CN=C1,46.92655881
NC1=NN2C=C(CC#N)C=NC2=C1C(=O)NC1=C(OCCO)C=CN=C1,50.77264136
NC1=NN2C=C(CC#N)C=NC2=C1C(=O)NC1=C(OCC(F)(F)F)C=CN=C1,44.67795939
CC(C)OC1=C(NC(=O)C2=C3N=CC(CC#N)=CN3N=C2N)C=NC=C1,36.60284728
NC1=NN2C=C(CC#N)C=NC2=C1C(=O)NC1=C(OC2CCC2)C=CN=C1,45.41399493
NC1=NN2C=C(CC#N)C=NC2=C1C(=O)NC1=C(OC2CCOC2)C=CN=C1,51.77481771
NC1=NN2C=C(CC#N)C=NC2=C1C(=O)NC1=C(OC2COC2)C=CN=C1,47.29845858
NC1=NN2C=C(CC#N)C=NC2=C1C(=O)NC1=C(OC2CCCCC2)C=CN=C1,39.0153069
NC1=NN2C=C(CC#N)C=NC2=C1C(=O)NC1=C(OCCCO)C=CN=C1,55.72068556
NC1=NN2C=C(CC#N)C=NC2=C1C(=O)NC1=C(OC2CCCOC2)C=CN=C1,50.54369145
NC1=NN2C=C(CC#N)C=NC2=C1C(=O)NC1=C(O[C@H]2CCOC2)C=CN=C1,47.8947513
NC1=NN2C=C(CC#N)C=NC2=C1C(=O)NC1=C(OC2CCCC2)C=CN=C1,43.5190123
NC1=NN2C=C(F)C=NC2=C1C(=O)NC1=C(OC2CC[S+]([O-])CC2)C=CN=C1,35.50003044
NC1=NN2C=C(F)C=NC2=C1C(=O)NC1=C(OC2CCS(=O)(=O)CC2)C=CN=C1,32.4105947
CN1CCC(CC1)OC1=C(NC(=O)C2=C3N=CC(Cl)=CN3N=C2N)C=NC=C1Cl,13.44631601
CN(C)CCOCCOC1=C(NC(=O)C2=C3N=CC(Cl)=CN3N=C2N)C=NC=C1,12.94309862
CN(C)CCOC1=C(NC(=O)C2=C3N=CC(Cl)=CN3N=C2N)C=NC=C1,14.62065378
CN1CCC[C@@H]1COC1=C(NC(=O)C2=C3N=CC(Cl)=CN3N=C2N)C=NC=C1,17.66049272
CN1CCC[C@H]1COC1=C(NC(=O)C2=C3N=CC(Cl)=CN3N=C2N)C=NC=C1,17.55042949
CN1CCCC(C1)OC1=C(NC(=O)C2=C3N=CC(Cl)=CN3N=C2N)C=NC=C1,14.6150454
CN(C)CCCOC1=C(NC(=O)C2=C3N=CC(Cl)=CN3N=C2N)C=NC=C1,13.71831593
NC1=NN2C=C(Cl)C=NC2=C1C(=O)NC1=C(OCCCO)C=CN=C1,37.59730329
NC1=NN2C=C(Cl)C=NC2=C1C(=O)NC1=C(O[C@@H]2CCOC2)C=CN=C1,38.59596663
COCCOC1=C(NC(=O)C2=C3N=CC(Cl)=CN3N=C2N)C=NC=C1,49.21423464
CCOC1=C(NC(=O)C2=C3N=CC(Cl)=CN3N=C2N)C=NC=C1,41.56212385
COC1=C(NC(=O)C2=C3N=CC(Cl)=CN3N=C2N)C=NC=C1,44.60711791
NC1=NN2C=C(Cl)C=NC2=C1C(=O)NC1=C(O[C@H]2CCOC2)C=CN=C1,37.96735395
NC1=NN2C=C(Cl)C=NC2=C1C(=O)NC1=C(OCC(F)(F)F)C=CN=C1,35.01979776
NC1=NN2C=C(Cl)C=NC2=C1C(=O)NC1=C(OCCN2CCOCC2)C=CN=C1,22.75130165
NC1=NN2C=C(Cl)C=NC2=C1C(=O)NC1=C(OC2CCOCC2)C=CN=C1,35.67041252
NC1=NN2C=C(Cl)C=NC2=C1C(=O)NC1=C(OC2CN3CCC2CC3)C=CN=C1,10.6917134
CN1CC[C@H](C1)OC1=C(NC(=O)C2=C3N=CC(Cl)=CN3N=C2N)C=NC=C1,14.2578235
CN1CCC(CC1)OC1=C(NC(=O)C2=C3N=CC(Cl)=CN3N=C2N)C=NC=C1,13.17346636
NC1=NN2C=C(Cl)C=NC2=C1C(=O)NC1=C(OC2CCCOC2)C=CN=C1,37.72267932
NC1=NN2C=C(Cl)C=NC2=C1C(=O)NC1=C(OCCO)C=CN=C1,41.10184616
COCCN1CCC[C@@H](C1)OC1=C(NC(=O)C2=C3N=CC(Cl)=CN3N=C2N)C=NC=C1,13.52845223
CN(C)CCOC1=C(NC(=O)C2=C3N=CC(Cl)=CN3N=C2N)C=NC(Cl)=C1,17.35479956
CN1CC[C@@H](C1)OC1=C(NC(=O)C2=C3N=CC(Cl)=CN3N=C2N)C=NC=C1,15.35467979
NC1=NN2C=C(Cl)C=NC2=C1C(=O)NC1=C(OC2=CN=CC=C2)C=CN=C1,25.56736357
CN(C)CCOC1=C(NC(=O)C2=C3N=CC(Cl)=CN3N=C2N)C=NC(=C1)C(F)(F)F,12.4457007
NC1=NN2C=C(Cl)C=NC2=C1C(=O)NC1=C(OC2CC3(CNC3)C2)C=CN=C1,7.720564548
NC1=NN2C=C(Cl)C=NC2=C1C(=O)NC1=C(OC2CNC2)C=CN=C1,12.37728124
NC1=NN2C=C(Cl)C=NC2=C1C(=O)NC1=C(O[C@H]2CCCNC2)C=CN=C1,10.18327427
NC1=NN2C=C(Cl)C=NC2=C1C(=O)NC1=C(OC2CCCNC2)C=CN=C1,10.69530771
NC1=NN2C=C(Cl)C=NC2=C1C(=O)NC1=C(O[C@H]2CCNC2)C=CN=C1,10.55884347
NC1=NN2C=C(Cl)C=NC2=C1C(=O)NC1=C(O[C@@H]2CCNC2)C=CN=C1,10.8890556
NC1=NN2C=C(Cl)C=NC2=C1C(=O)NC1=C(O[C@H]2C[C@]3(CCN3)C2)C=CN=C1,6.549220531
NC1=NN2C=C(Cl)C=NC2=C1C(=O)NC1=C(OC2CCNCC2)C=CN=C1,8.851211379
NC1=NN2C=C(CC#N)C=NC2=C1C(=O)NC1=C(OC2CNC2)C=CN=C1,15.68205554
NCCOC1=C(NC(=O)C2=C3N=CC(CC#N)=CN3N=C2N)C=NC=C1,20.52036677
NC1=NN2C=C(CC#N)C=NC2=C1C(=O)NC1=C(OC2CCNCC2)C=CN=C1,12.70770299
NC1=NN2C=C(F)C=NC2=C1C(=O)NC1=C(O[C@H]2CCCNC2)C=CN=C1,11.70305439
NC1=NN2C=C(CC#N)C=NC2=C1C(=O)NC1=C(O[C@H]2CCNC2)C=CN=C1,13.427542
NC1=NN2C=C(CC#N)C=NC2=C1C(=O)NC1=C(O[C@@H]2CCNC2)C=CN=C1,14.37526736
CC(C)(C)OC1=C(NC(=O)C2=C3N=CC(F)=CN3N=C2N)C=NC=C1,34.76992331
CN1CCC(CC1)OC1=C(NC(=O)C2=C3N=CC(F)=CN3N=C2N)C=NC=C1F,12.92157376
CNC1=CC(OC)=C(NC(=O)C2=C3N=CC(F)=CN3N=C2N)C=N1,12.92987878
NC1=NN2C=C(F)C=NC2=C1C(=O)NC1=C(OC2CCN(CC2)C2COC2)C(F)=CN=C1,14.22718913
NC1=NN2C=C(F)C=NC2=C1C(=O)NC1=C(OC2COC2)C=CN=C1,37.0240595
CN1CCC(CC1)C1=C(NC(=O)C2=C3N=CC(F)=CN3N=C2N)C=NC=C1,19.79363943
CC1=C(NC(=O)C2=C3N=CC(Cl)=CN3N=C2N)C=NC=C1,52.58222243
CC1=C(NC(=O)C2=C3N=CC(CC#N)=CN3N=C2N)C=NC=C1,69.36472966
CC1=C(NC(=O)C2=C3N=CC(F)=CN3N=C2N)C=NC=C1,59.26809355
NC1=NN2C=C(F)C=NC2=C1C(=O)NC1=C(C=CN=C1)C1=CC=CC=C1,28.72350946
NC1=NN2C=C(CC#N)C=NC2=C1C(=O)NC1=C(C=CN=C1)C1=CC=CC=C1,31.25354444
NC1=NN2C=C(F)C=NC2=C1C(=O)NC1=C2CCNCC2=CN=C1,13.03251507
CN1CCC2=C(NC(=O)C3=C4N=CC(F)=CN4N=C3N)C=NC=C2C1,15.44187649
C[N+]1([O-])CCC2=C(NC(=O)C3=C4N=CC(F)=CN4N=C3N)C=NC=C2C1,13.79236666
NC1=NN2C=C(F)C=NC2=C1C(=O)NC1=C(C=CN=C1)C1CCN(CC1)C1COC1,18.98081653
NC1=NN2C=C(Cl)C=NC2=C1C(=O)NC1=C(C=CN=C1)C1CCN(CC1)C1COC1,16.19783851
NC1=NN2C=C(F)C=NC2=C1C(=O)NC1=C(C(F)=CN=C1)C1=CCN(CC1)C1COC1,16.52992878
NC1=NN2C=C(F)C=NC2=C1C(=O)NC1=C(C2CCN(CC2)C2COC2)C(F)=CN=C1,15.99799397
CN1CCC(CC1)C1=C(NC(=O)C2=C3N=CC(F)=CN3N=C2N)C=NC=C1F,18.76251683
NC1=NN2C=C(F)C=NC2=C1C(=O)NC1=C(C=CN=C1)C1=CN=CC=C1,22.0001077
CN1CCC(CC1)C(=O)N1CCC(CC1)C1=C(NC(=O)C2=C3N=CC(F)=CN3N=C2N)C=NC=C1,8.833046265
CN1CCN(CC1)C(=O)N1CCC(CC1)C1=C(NC(=O)C2=C3N=CC(F)=CN3N=C2N)C=NC=C1,10.43295472
NC1=NN2C=C(F)C=NC2=C1C(=O)NC1=C(C=CN=C1)C1CCN(CC1)C(=O)C12CCN(CC1)CC2,6.392154964
CN1CCN(CC1)C(=O)C1=NC=C(C=C1)C1=C(NC(=O)C2=C3N=CC(F)=CN3N=C2N)C=NC=C1,8.947631542
CC1=C(C=CC=N1)C1=C(NC(=O)C2=C3N=CC(F)=CN3N=C2N)C=NC=C1,22.64046559
CN1CCN(CC1)C1=NC=C(C=C1)C1=C(NC(=O)C2=C3N=CC(F)=CN3N=C2N)C=NC=C1,5.374042633
CC1=NC=C(C=C1)C1=C(NC(=O)C2=C3N=CC(F)=CN3N=C2N)C=NC=C1,15.83178456
CN1CCC(CC1)C1=C(NC(=O)C2=C3N=CC(=CN3N=C2N)C(C)(C)C#N)C=NC=C1,11.36110385
NC1=NN2C=C(F)C=NC2=C1C(=O)NC1=C(C=CN=C1)C1=CC=NC=C1,18.67892965
CN1CCN(CC1)C(=O)C1=CC=C(C=C1)C1=C(NC(=O)C2=C3N=CC(F)=CN3N=C2N)C=NC=C1,6.079847622
NC1=NN2C=C(F)C=NC2=C1C(=O)NC1=C(C=CN=C1)C1=CC=NN=C1,26.45242739
COC1=NC=C(C=C1)C1=C(NC(=O)C2=C3N=CC(F)=CN3N=C2N)C=NC=C1,19.01413369
NC1=NN2C=C(F)C=NC2=C1C(=O)NC1=C(C=CN=C1)C1=CN=CN=C1,23.42019026
CC1=C(C=CN=C1)C1=C(NC(=O)C2=C3N=CC(F)=CN3N=C2N)C=NC=C1,21.6039099
CC1=C(C=NC=C1)C1=C(NC(=O)C2=C3N=CC(F)=CN3N=C2N)C=NC=C1,24.58726509
CC1=C(C=CN=N1)C1=C(NC(=O)C2=C3N=CC(F)=CN3N=C2N)C=NC=C1,27.44109034
NC1=NN2C=C(F)C=NC2=C1C(=O)NC1=C(C=CN=C1)C1=C(O)N=CC=C1,27.769981
CC1=C(N=NC=C1)C1=C(NC(=O)C2=C3N=CC(F)=CN3N=C2N)C=NC=C1,36.56365667
CC1=C(C=CC(F)=N1)C1=C(NC(=O)C2=C3N=CC(F)=CN3N=C2N)C=NC=C1,19.93585348
NC1=NN2C=C(F)C=NC2=C1C(=O)NC1=C(C=CN=C1)C1=C(F)N=CC=C1,23.14633853
CC1=C(N=CC=C1)C1=C(NC(=O)C2=C3N=CC(F)=CN3N=C2N)C=NC=C1,25.36330307
NC1=NN2C=C(F)C=NC2=C1C(=O)NC1=C(C=CN=C1)C1=C(Cl)N=CC=C1,23.35195575
CN1CCC(CC1)C(=O)N1CCC(=CC1)C1=C(NC(=O)C2=C3N=CC(F)=CN3N=C2N)C=NC=C1F,6.65745429
CN1CCN(CC1)C(=O)C1=NC(C)=C(C=C1)C1=C(NC(=O)C2=C3N=CC(F)=CN3N=C2N)C=NC=C1,8.962926579
CN1CCN(CC1)C1=NC(C)=C(C=C1)C1=C(NC(=O)C2=C3N=CC(F)=CN3N=C2N)C=NC=C1,5.281780585
CN1CC[C@H](C1)OC1=NC(C)=C(C=C1)C1=C(NC(=O)C2=C3N=CC(F)=CN3N=C2N)C=NC=C1,5.711313789
NC1=NN2C=C(F)C=NC2=C1C(=O)NC1=C(C=CN=C1)C1CC1,37.39326759
CN1CCN(CC1)C(=O)C1=CC=C(C=C1)C1=C(NC(=O)C2=C3N=CC(F)=CN3N=C2N)C=NC=C1F,5.896333713
NC1=NN2C=C(F)C=NC2=C1C(=O)NC1=C(C=CN=C1)C1=CC=C(C=C1)C(=O)N1CCNCC1,6.027530914
CN1CCN(CC1)C(=O)C1=CC(C)=C(C=C1)C1=C(NC(=O)C2=C3N=CC(F)=CN3N=C2N)C=NC=C1,6.868451201
CN1CCN(CC1)C(=O)C1=CC(Cl)=C(N=C1)C1=C(NC(=O)C2=C3N=CC(F)=CN3N=C2N)C=NC=C1,6.717986358
NC1=NN2C=C(F)C=NC2=C1C(=O)NC1=C(C=CN=C1)C1CCN(CC1)S(=O)(=O)C1CC1,20.17772646
NC1=NN2C=C(F)C=NC2=C1C(=O)NC1=C(C=CN=C1)C1=CC=C(C=C1)C(=O)N1CCN2CCC1CC2,5.139634716
NC1=NN2C=C(F)C=NC2=C1C(=O)NC1=C(C=CN=C1)C1=CC=C(C=C1)C(=O)N1CCN(CC1)C1COC1,6.312895757
NC1NN2C=C(F)C=NC2C1C(=O)NC1=C(C=CN=C1)C1=CC=C(C=C1F)C(=O)N1CCN2CCC1CC2,8.143257914
NC1=NN2C=C(F)C=NC2=C1C(=O)NC1=C(C=CN=C1)C1=CC=C(C=C1F)C(=O)N1CCN(CC1)C1COC1,6.058144546
NC1=NN2C=C(F)C=NC2=C1C(=O)NC1=C(C=CN=C1)C1=CC=C(N=C1)C(=O)N1CCN(CC1)C1COC1,8.349365186
NC1=NN2C=C(F)C=NC2=C1C(=O)NC1=C(C=CN=C1)C1=CC=C(N=C1)C(=O)N1CCC(CC1)N1CCCC1,6.909731501
NC1=NN2C=C(F)C=NC2=C1C(=O)NC1=C(C=CN=C1)C1=CC=C(N=C1)C(=O)N1CCC(CC1)N1CCC1,6.031535255
CN1C=CN=C1C1=C(NC(=O)C2=C3N=CC(F)=CN3N=C2N)C=NC=C1,18.5252231
CN1C=NC=C1C1=C(NC(=O)C2=C3N=CC(F)=CN3N=C2N)C=NC=C1,13.65203408
CN1N=CC=C1C1=C(NC(=O)C2=C3N=CC(F)=CN3N=C2N)C=NC=C1,21.51137061
CN1C(=O)C=CC=C1C1=C(NC(=O)C2=C3N=CC(F)=CN3N=C2N)C=NC=C1,21.96829825
CN1C=C(C=CC1=O)C1=C(NC(=O)C2=C3N=CC(F)=CN3N=C2N)C=NC=C1,18.83198091
NC1=NN2C=C(F)C=NC2=C1C(=O)NC1=C(C=CN=C1)C1=CC=CC=N1,24.9346423
CS(=O)(=O)C1=CC=C(C=C1)C1=C(NC(=O)C2=C3N=CC(F)=CN3N=C2N)C=NC=C1,20.93436211
CC1=NC=CN=C1C1=C(NC(=O)C2=C3N=CC(F)=CN3N=C2N)C=NC=C1,22.23468919
CN1C=C(C(C)=N1)C1=C(NC(=O)C2=C3N=CC(F)=CN3N=C2N)C=NC=C1,21.45110521
NC1=NN2C=C(F)C=NC2=C1C(=O)NC1=C(C=CN=C1)C1=CC=C(C=C1)S(=O)(=O)N1CCC1,13.34954541
CN1N=CN=C1C1=C(NC(=O)C2=C3N=CC(F)=CN3N=C2N)C=NC=C1,25.99109102
CN1CCOC[C@@H]1C1=CC=C(C=C1)C1=C(NC(=O)C2=C3N=CC(F)=CN3N=C2N)C=NC=C1,6.1029178
CC1=C(N=CN=C1)C1=C(NC(=O)C2=C3N=CC(F)=CN3N=C2N)C=NC=C1,22.58815829
CN1C=CC(=N1)C1=C(NC(=O)C2=C3N=CC(F)=CN3N=C2N)C=NC=C1,29.63244963
CC(=O)N1CCC(CC1)C1=C(NC(=O)C2=C3N=CC(F)=CN3N=C2N)C=NC=C1,35.78550723
NC1=NN2C=C(F)C=NC2=C1C(=O)NC1=C(C=CN=C1)C1CCN(CC1)C(=O)C1CC1,21.06459689
NC1=NN2C=C(F)C=NC2=C1C(=O)NC1=C(C=CN=C1)C1CCN(CC1)C(=O)C1(CC1)C#N,22.99546891
CN1N=NC=C1C1=C(NC(=O)C2=C3N=CC(F)=CN3N=C2N)C=NC=C1,28.78406028
CN1CCC(CC1=O)C1=C(NC(=O)C2=C3N=CC(F)=CN3N=C2N)C=NC=C1,50.07276077
CN1C=CC2=C(NC(=O)C3=C4N=CC(F)=CN4N=C3N)C=NC=C12,17.34297822
NC1=NN2C=C(F)C=NC2=C1C(=O)NC1=C(C=CN=C1)C1CCOC1,54.41742506
NC1=NN2C=C(F)C=NC2=C1C(=O)NC1=C(CN2CCCC2=O)C=CN=C1,64.34392555
CN1C(C)=NC=C1C1=C(NC(=O)C2=C3N=CC(F)=CN3N=C2N)C=NC=C1,11.58200154
CN1C=NC(C)=C1C1=C(NC(=O)C2=C3N=CC(F)=CN3N=C2N)C=NC=C1,13.02647726
CN1C=NC=C1C1=C(NC(=O)C2=C3N=CC(F)=CN3N=C2N)C=NC=C1F,38.03315469
CCN1C=NC=C1C1=C(NC(=O)C2=C3N=CC(F)=CN3N=C2N)C=NC=C1,12.52759095
COC1=CN=CC(NC(=O)C2=C3N=CC(F)=CN3N=C2N)=C1C1=CN=CN1C,12.79365124
COC1=CN=CC(NC(=O)C2=C3N=CC(F)=CN3N=C2N)=C1C1=CN=CC=C1,29.78731062
COCCN1C=NC=C1C1=C(NC(=O)C2=C3N=CC(F)=CN3N=C2N)C=NC=C1,12.49674686
COC1=CN=CC(NC(=O)C2=C3N=CC(F)=CN3N=C2N)=C1C1CC1,47.36899469
CN1CCN(CC1)C(=O)C1CCN(CC1)C1=C(NC(=O)C2=C3N=CC(F)=CN3N=C2N)C=NC=C1,10.25805895
CN(C)C(=O)C1CCN(CC1)C1=C(NC(=O)C2=C3N=CC(F)=CN3N=C2N)C=NC=C1,32.0444994
CN1CCN(CC1)C(=O)C1CCN(CC1)C1=C(NC(=O)C2=C3N=CC(F)=CN3N=C2N)C=NC=C1Cl,9.896433296
CN1CCN(CC1)C(=O)C1CCN(CC1)C1=C(NC(=O)C2=C3N=CC(F)=CN3N=C2N)C=NC=C1F,12.56355668
CN1CCN(CC1)C(=O)C1CCN(CC1)C1=C(NC(=O)C2=C3N=CC(Cl)=CN3N=C2N)C=NC=C1F,8.767682693
CN1CCCN(CC1)C(=O)C1CCN(CC1)C1=C(NC(=O)C2=C3N=CC(F)=CN3N=C2N)C=NC=C1F,11.1741391
NC1=NN2C=C(F)C=NC2=C1C(=O)NC1=C(N2CCC(CC2)C(=O)N2CCN3CCC2CC3)C(F)=CN=C1,6.883745843
NC1=NN2C=C(F)C=NC2=C1C(=O)NC1=C(N2CCC(CC2)C(=O)N2CCC2)C(F)=CN=C1,22.82687431
CCN1CCN(CC1)C(=O)C1CCN(CC1)C1=C(NC(=O)C2=C3N=CC(F)=CN3N=C2N)C=NC=C1F,10.4204702
NC1=NN2C=C(F)C=NC2=C1C(=O)NC1=C(N2CCC(CC2)C(=O)N2CCN3CCCC3C2)C(F)=CN=C1,10.22946584
CN(C)[C@@H]1CCN(C1)C(=O)C1CCN(CC1)C1=C(NC(=O)C2=C3N=CC(F)=CN3N=C2N)C=NC=C1F,13.27679914
NC1=NN2C=C(F)C=NC2=C1C(=O)NC1=C(N2CCC(CC2)C(=O)N2CCNCC2)C(F)=CN=C1,11.25130985
NC1=NN2C=C(F)C=NC2=C1C(=O)NC1=C(N2CCC(CC2)C(=O)N2CCN(CC2)C2CC2)C(F)=CN=C1,7.924249287
NC1=NN2C=C(F)C=NC2=C1C(=O)NC1=C(N2CCC(CC2)C(=O)N2CC3(COC3)C2)C(F)=CN=C1,18.70266075
CN1CCN(CC1(C)C)C(=O)C1CCN(CC1)C1=C(NC(=O)C2=C3N=CC(F)=CN3N=C2N)C=NC=C1F,9.074017795
CN(C)CCCN(C)C(=O)C1CCN(CC1)C1=C(NC(=O)C2=C3N=CC(F)=CN3N=C2N)C=NC=C1F,15.21750102
CN1CC2CN(CC2C1)C(=O)C1CCN(CC1)C1=C(NC(=O)C2=C3N=CC(F)=CN3N=C2N)C=NC=C1F,9.042870967
CC(C)(C)NC(=O)C1CCN(CC1)C1=C(NC(=O)C2=C3N=CC(F)=CN3N=C2N)C=NC=C1F,21.84155586
CN1CCC(CC1)NC(=O)C1CCN(CC1)C1=C(NC(=O)C2=C3N=CC(F)=CN3N=C2N)C=NC=C1F,9.620078374
COC1CN(C1)C(=O)C1CCN(CC1)C1=C(NC(=O)C2=C3N=CC(F)=CN3N=C2N)C=NC=C1F,26.95916736
CN(C)C1CN(C1)C(=O)C1CCN(CC1)C1=C(NC(=O)C2=C3N=CC(F)=CN3N=C2N)C=NC=C1F,15.6774284
CN1CC(C1)NC(=O)C1CCN(CC1)C1=C(NC(=O)C2=C3N=CC(F)=CN3N=C2N)C=NC=C1F,17.70840849
CN1CCC(C1)NC(=O)C1CCN(CC1)C1=C(NC(=O)C2=C3N=CC(F)=CN3N=C2N)C=NC=C1F,12.52835604
CN1CCN(CC1)C(=O)C1(CCN(CC1)C1=C(NC(=O)C2=C3N=CC(F)=CN3N=C2N)C=NC=C1F)C#N,10.26887629
CN(C)CCCNC(=O)C1CCN(CC1)C1=C(NC(=O)C2=C3N=CC(F)=CN3N=C2N)C=NC=C1F,13.46075687
CC1(C)CN(CCN1)C(=O)C1CCN(CC1)C1=C(NC(=O)C2=C3N=CC(F)=CN3N=C2N)C=NC=C1F,9.773941188
CN(C)C(=O)C1CCN(CC1)C1=C(NC(=O)C2=C3N=CC(F)=CN3N=C2N)C=NC=C1F,31.92766708
CN(C)CCNC(=O)C1CCN(CC1)C1=C(NC(=O)C2=C3N=CC(F)=CN3N=C2N)C=NC=C1F,10.9333152
CN(C)CCN(C)C(=O)C1CCN(CC1)C1=C(NC(=O)C2=C3N=CC(F)=CN3N=C2N)C=NC=C1F,14.26541063
NC1=NN2C=C(F)C=NC2=C1C(=O)NC1=C(N2CCC(CC2)C(=O)N2CCN(CC2)C2COC2)C(F)=CN=C1,9.980108439
CNC(=O)C1CCN(CC1)C1=C(NC(=O)C2=C3N=CC(F)=CN3N=C2N)C=NC=C1F,24.05636212
CNC1CN(C1)C(=O)C1CCN(CC1)C1=C(NC(=O)C2=C3N=CC(F)=CN3N=C2N)C=NC=C1F,15.95042615
NC1=NN2C=C(F)C=NC2=C1C(=O)NC1=C(N2CCC(CC2)C(=O)N2CCN(CC2)C2CCC2)C(F)=CN=C1,7.429233393
NC1=NN2C=C(F)C=NC2=C1C(=O)NC1=C(N2CCC(CC2)C(=O)N2CCOCC2)C(F)=CN=C1,30.76183056
NC1=NN2C=C(F)C=NC2=C1C(=O)NC1=C(N2CCC(CC2)C(=O)NC2COC2)C(F)=CN=C1,31.7108186
CN1CCN(CC11CC1)C(=O)C1CCN(CC1)C1=C(NC(=O)C2=C3N=CC(F)=CN3N=C2N)C=NC=C1F,10.20222569
COCCN(C)C(=O)C1CCN(CC1)C1=C(NC(=O)C2=C3N=CC(F)=CN3N=C2N)C=NC=C1F,27.65409705
NC1=NN2C=C(F)C=NC2=C1C(=O)NC1=C(N2CCC(CC2)C(=O)N2CC(O)C2)C(F)=CN=C1,24.54752731
NC1=NN2C=C(F)C=NC2=C1C(=O)NC1=C(N2CCC(CC2)C(=O)NCCN2CCC2)C(F)=CN=C1,8.87265118
NC1=NN2C=C(F)C=NC2=C1C(=O)NC1=C(N2CCC(CC2)C(=O)N2CC(C2)N2CCCC2)C(F)=CN=C1,11.22940427
NC1=NN2C=C(F)C=NC2=C1C(=O)NC1=C(N2CCC(CC2)C(=O)N2CC3CCC(C2)N3)C(F)=CN=C1,10.11282073
C[C@@H]1CN(CCN1)C(=O)C1CCN(CC1)C1=C(NC(=O)C2=C3N=CC(F)=CN3N=C2N)C=NC=C1F,8.49453327
NC1=NN2C=C(F)C=NC2=C1C(=O)NC1=C(N2CCC(CC2)C(=O)N2CCN3CCC2C3)C(F)=CN=C1,9.842721463
C[C@H]1CN(CCN1C)C(=O)C1CCN(CC1)C1=C(NC(=O)C2=C3N=CC(F)=CN3N=C2N)C=NC=C1F,9.811327644
NC1=NN2C=C(F)C=NC2=C1C(=O)NC1=C(N2CCC(CC2)C(=O)N2CCNCC2)C(Cl)=CN=C1,8.687177618
NC1=NN2C=C(F)C=NC2=C1C(=O)NC1=C(N2CCC(CC2)C(=O)N2CC(C2)N2CCC2)C(F)=CN=C1,10.49157645
C[C@@H]1CN(CCN1C)C(=O)C1CCN(CC1)C1=C(NC(=O)C2=C3N=CC(F)=CN3N=C2N)C=NC=C1F,9.084453985
NC1=NN2C=C(F)C=NC2=C1C(=O)NC1=C(N2CCC(CC2)C(=O)N2CC3CNCC3C2)C(F)=CN=C1,7.948354103
CN1C2CCC1CN(C2)C(=O)C1CCN(CC1)C1=C(NC(=O)C2=C3N=CC(F)=CN3N=C2N)C=NC=C1F,10.40116534
CN1CC2CC1CN2C(=O)C1CCN(CC1)C1=C(NC(=O)C2=C3N=CC(F)=CN3N=C2N)C=NC=C1F,15.69881831
CN1CCN(CC1)C(=O)C1(C)CCN(CC1)C1=C(NC(=O)C2=C3N=CC(F)=CN3N=C2N)C=NC=C1F,9.991343837
NC1=NN2C=C(F)C=NC2=C1C(=O)NC1=C(N2CCC(CC2)C(=O)N2CC(C2)N2CCCCC2)C(F)=CN=C1,10.43413703
NC1=NN2C=C(F)C=NC2=C1C(=O)NC1=C(N2CCC(CC2)C(=O)N2CC[C@@H](C2)N2CCCC2)C(F)=CN=C1,9.891691726
NC1=NN2C=C(F)C=NC2=C1C(=O)NC1=C(N2CCC(CC2)C(=O)N2CCC(CC2)N2CCCC2)C(F)=CN=C1,8.325633966
NC1=NN2C=C(F)C=NC2=C1C(=O)NC1=C(N2CCC(CC2)C(=O)N2CCC(CC2)N2CCCCC2)C(F)=CN=C1,8.635701761
C[C@H]1CN(CCN1)C(=O)C1CCN(CC1)C1=C(NC(=O)C2=C3N=CC(F)=CN3N=C2N)C=NC=C1F,8.329913104
NC1=NN2C=C(F)C=NC2=C1C(=O)NC1=C(N2CCC(CC2)C(=O)N2CCNC3CC23)C(F)=CN=C1,10.95787844
CC1(O)CN(C1)C(=O)C1CCN(CC1)C1=C(NC(=O)C2=C3N=CC(F)=CN3N=C2N)C=NC=C1F,22.18891771
NC1=NN2C=C(F)C=NC2=C1C(=O)NC1=C(N2CCC(CC2)C(=O)N2CCC(C2)N2CCCCC2)C(F)=CN=C1,9.742007989
CN1CCN(C2CC12)C(=O)C1CCN(CC1)C1=C(NC(=O)C2=C3N=CC(F)=CN3N=C2N)C=NC=C1F,8.39722338
NC1=NN2C=C(F)C=NC2=C1C(=O)NC1=C(N2CCC(CC2)C(=O)N2CCN3CCC2CC3)C(Cl)=CN=C1,6.501039124
NC1=NN2C=C(F)C=NC2=C1C(=O)NC1=C(N2CCC(CC2)C(=O)N2CC(F)C2)C(F)=CN=C1,19.35239359
NC1=NN2C=C(F)C=NC2=C1C(=O)NC1=C(N2CCC(CC2)C(=O)N2CCC(CC2)N2CCC2)C(F)=CN=C1,8.045650542
NC1=NN2C=C(F)C=NC2=C1C(=O)NC1=C(N2CCC(CC2)C(=O)N2CCN3CCC2C3)C(Cl)=CN=C1,8.481308721
NC1=NN2C=C(F)C=NC2=C1C(=O)NC1=C(N2CCC(CC2)C(=O)N2CCN3CC[C@H]2C3)C(F)=CN=C1,9.190658771
NC1=NN2C=C(F)C=NC2=C1C(=O)NC1=C(N2CCC(CC2)C(=O)N2CCN3CC[C@@H]2C3)C(F)=CN=C1,9.657063494
NC1=NN2C=C(F)C=NC2=C1C(=O)NC1=C(N2CCC(CC2)C(=O)N2CC(F)(F)C2)C(F)=CN=C1,21.35628286
COC1(C)CN(C1)C(=O)C1CCN(CC1)C1=C(NC(=O)C2=C3N=CC(F)=CN3N=C2N)C=NC=C1F,26.08790985
NC1=NN2C=C(F)C=NC2=C1C(=O)NC1=C(N2CCC(CC2)C(=O)N2CC(C2)C#N)C(F)=CN=C1,23.04501453
NC1=NN2C=C(F)C=NC2=C1C(=O)NC1=C(C=CN=C1)N1CCC(CC1)C(=O)N1CCC1,20.75727723
COC1CN(C1)C(=O)C1CCN(CC1)C1=C(NC(=O)C2=C3N=CC(F)=CN3N=C2N)C=NC=C1,25.80908751
COC1(C)CN(C1)C(=O)C1CCN(CC1)C1=C(NC(=O)C2=C3N=CC(F)=CN3N=C2N)C=NC=C1,26.17182807
NC1=NN2C=C(F)C=NC2=C1C(=O)NC1=C(C=CN=C1)N1CCC(CC1)C(=O)N1CC(F)(F)C1,22.97408036
NC1=NN2C=C(F)C=NC2=C1C(=O)NC1=C(C=CN=C1)N1CCC(CC1)C(=O)N1CC(C1)C#N,22.74086658
NC1=NN2C=C(F)C=NC2=C1C(=O)NC1=C(C=CN=C1)N1CCC(CC1)C(=O)N1CC(F)C1,18.26439924
NC1=NN2C=C(F)C=NC2=C1C(=O)NC1=C(C=CN=C1)N1CCC(CC1)C(=O)N1CCCC1,22.99115404
NC1=NN2C=C(F)C=NC2=C1C(=O)NC1=C(C=CN=C1)N1CCC(CC1)C(=O)N1CCC2(COC2)C1,20.45052544
NC1=NN2C=C(F)C=NC2=C1C(=O)NC1=C(C=CN=C1)N1CCC(CC1)C(=O)N1CCOCC1,27.61989946
CS(=O)(=O)C1CN(C1)C(=O)C1CCN(CC1)C1=C(NC(=O)C2=C3N=CC(F)=CN3N=C2N)C=NC=C1F,27.81610185
NC1=NN2C=C(Cl)C=NC2=C1C(=O)NC1=C(N2CCC(CC2)C(=O)N2CCN3CCC2CC3)C(F)=CN=C1,6.54193607
NC1=NN2C=C(F)C=NC2=C1C(=O)NC1=C(C=CN=C1)N1CCC(CC1)C(=O)N1CC2(COC2)C1,18.76286713
CS(=O)(=O)C1CN(C1)C(=O)C1CCN(CC1)C1=C(NC(=O)C2=C3N=CC(F)=CN3N=C2N)C=NC=C1,26.83169306
NC1=NN2C=C(F)C=NC2=C1C(=O)NC1=C(C=CN=C1)N1CCC(CC1)C(=O)N1CC2(CCO2)C1,18.60109946
CCOC1CN(C1)C(=O)C1CCN(CC1)C1=C(NC(=O)C2=C3N=CC(F)=CN3N=C2N)C=NC=C1,23.77497658
CC1(COC1)N1CCN(CC1)C(=O)C1CCN(CC1)C1=C(NC(=O)C2=C3N=CC(F)=CN3N=C2N)C=NC=C1F,8.980680402
CO[C@@H]1CCN(C1)C(=O)C1CCN(CC1)C1=C(NC(=O)C2=C3N=CC(F)=CN3N=C2N)C=NC=C1,28.6296403
CO[C@H]1CCN(C1)C(=O)C1CCN(CC1)C1=C(NC(=O)C2=C3N=CC(F)=CN3N=C2N)C=NC=C1,25.78396575
NC1=NN2C=C(F)C=NC2=C1C(=O)NC1=C(N2CCC(CC2)C(=O)N2CC[NH+]([O-])CC2)C(F)=CN=C1,10.16651765
CN1CC(C1)N1CCN(CC1)C(=O)C1CCN(CC1)C1=C(NC(=O)C2=C3N=CC(F)=CN3N=C2N)C=NC=C1F,9.701126568
COCC1CN(C1)C(=O)C1CCN(CC1)C1=C(NC(=O)C2=C3N=CC(F)=CN3N=C2N)C=NC=C1F,28.026949
CO[C@H]1CCN(C1)C(=O)C1CCN(CC1)C1=C(NC(=O)C2=C3N=CC(F)=CN3N=C2N)C=NC=C1F,26.48796922
CN(C)CC(=O)N1CCN(CC1)C1=C(NC(=O)C2=C3N=CC(F)=CN3N=C2N)C=NC=C1F,14.95568951
CC1=NC=NN1C1=C(NC(=O)C2=C3N=CC(F)=CN3N=C2N)C=NC=C1F,37.18138412
CC(C)N1CCN2CCN(CC2C1=O)C1=C(NC(=O)C2=C3N=CC(F)=CN3N=C2N)C=NC=C1,15.85818887
NC1=NN2C=C(Cl)C=NC2=C1C(=O)NC1=C(O[C@H]2C[C@@]3(CCN3)C2)C=CN=C1,8.18342143
NC1=NN2C=C(F)C=NC2=C1C(=O)NC1=C(N2CCC(CC2)C(=O)N2CCNC3(CC3)C2)C(F)=CN=C1,10.80509254
CN1CCN2CCN(CC2C1)C1=C(NC(=O)C2=C3N=CC(F)=CN3N=C2N)C=NC=C1Cl,8.939807179
NC1=NN2C=C(Cl)C=NC2=C1C(=O)NC1=C(C=CN=C1)N1CCC(CC1)N1CC2(COC2)C1,7.991191273
NC1=NN2C=C(F)C=NC2=C1C(=O)NC1=C(N2CCN(CC2)C2COC2)C(Cl)=CN=C1,13.14840583
CN1CCN2CCN(CC2C1)C1=C(NC(=O)C2=C3N=CC(F)=CN3N=C2N)C=NC=C1F,9.795791721
